sensor_id,datetime,pm25
6530219,2023-07-15 17:45:00+05:45,14.52916669845581
6530219,2023-07-15 18:45:00+05:45,15.391666650772097
6530219,2023-07-15 19:45:00+05:45,32.52083365122477
6530219,2023-07-15 20:45:00+05:45,21.604166348775227
6530219,2023-07-15 21:45:00+05:45,26.925000031789143
6530219,2023-07-16 01:45:00+05:45,33.75416692097982
6530219,2023-07-16 03:45:00+05:45,29.825000127156574
6530219,2023-07-16 04:45:00+05:45,36.4291664759318
6530219,2023-07-16 09:45:00+05:45,28.56666660308838
6530219,2023-07-16 12:45:00+05:45,23.054166475931805
6530219,2023-07-16 13:45:00+05:45,23.8791667620341
6530219,2023-07-16 15:45:00+05:45,20.050000031789143
6530219,2023-07-16 16:45:00+05:45,15.22083338101705
6530219,2023-07-16 17:45:00+05:45,17.020833412806194
6530219,2023-07-16 18:45:00+05:45,19.766666730244953
6530219,2023-07-16 19:45:00+05:45,28.333333651224773
6530219,2023-07-16 20:45:00+05:45,26.183333079020183
6530219,2023-07-16 21:45:00+05:45,24.29583311080933
6530219,2023-07-16 22:45:00+05:45,21.49583355585734
6530219,2023-07-16 23:45:00+05:45,20.97083330154419
6530219,2023-07-17 02:45:00+05:45,12.93749984105428
6530219,2023-07-17 03:45:00+05:45,10.925000031789144
6530219,2023-07-17 08:45:00+05:45,18.50000023841858
6530219,2023-07-17 09:45:00+05:45,12.675000031789144
6530219,2023-07-17 11:45:00+05:45,12.199999968210856
6530219,2023-07-17 13:45:00+05:45,9.65833314259847
6530219,2023-07-17 14:45:00+05:45,6.799999992052714
6530219,2023-07-17 17:45:00+05:45,6.724999984105428
6530219,2023-07-17 18:45:00+05:45,8.15416677792867
6530219,2023-07-17 19:45:00+05:45,12.75416660308838
6530219,2023-07-17 20:45:00+05:45,11.516666889190674
6530219,2023-07-17 21:45:00+05:45,9.887500007947288
6530219,2023-07-17 22:45:00+05:45,15.274999936421713
6530219,2023-07-17 23:45:00+05:45,12.00000007947286
6530219,2023-07-18 01:45:00+05:45,9.266666730244957
6530219,2023-07-18 02:45:00+05:45,11.875
6530219,2023-07-18 03:45:00+05:45,11.099999825159708
6530219,2023-07-18 05:45:00+05:45,11.112499952316284
6530219,2023-07-18 06:45:00+05:45,15.354166587193808
6530219,2023-07-18 08:45:00+05:45,20.424999872843426
6530219,2023-07-18 09:45:00+05:45,26.641666730244953
6530219,2023-07-18 12:45:00+05:45,18.125
6530219,2023-07-18 13:45:00+05:45,14.295833349227903
6530219,2023-07-18 15:45:00+05:45,7.654166618982951
6530219,2023-07-18 16:45:00+05:45,4.212499936421712
6530219,2023-07-18 17:45:00+05:45,18.43333347638448
6530219,2023-07-18 18:45:00+05:45,22.21249993642171
6530219,2023-07-18 19:45:00+05:45,23.583333651224773
6530219,2023-07-18 20:45:00+05:45,23.12916644414266
6530219,2023-07-18 21:45:00+05:45,25.445833683013916
6530219,2023-07-18 22:45:00+05:45,21.02916685740153
6530219,2023-07-18 23:45:00+05:45,28.2541667620341
6530219,2023-07-19 00:45:00+05:45,26.520833174387615
6530219,2023-07-19 01:45:00+05:45,26.299999872843426
6530219,2023-07-19 02:45:00+05:45,23.03750022252401
6530219,2023-07-19 03:45:00+05:45,11.620833237965902
6530219,2023-07-19 04:45:00+05:45,10.825000047683716
6530219,2023-07-19 05:45:00+05:45,20.60000006357829
6530219,2023-07-19 06:45:00+05:45,29.875
6530219,2023-07-19 07:45:00+05:45,29.30833371480306
6530219,2023-07-19 08:45:00+05:45,25.50416644414266
6530219,2023-07-19 09:45:00+05:45,23.8791667620341
6530219,2023-07-19 10:45:00+05:45,27.87777794731988
6530219,2023-07-19 11:45:00+05:45,18.733333428700764
6530219,2023-07-19 12:45:00+05:45,13.616666714350382
6530219,2023-07-19 13:45:00+05:45,10.34166649977366
6530219,2023-07-19 14:45:00+05:45,14.7833331823349
6530219,2023-07-19 15:45:00+05:45,9.770833452542623
6530219,2023-07-19 16:45:00+05:45,8.145833452542623
6530219,2023-07-19 17:45:00+05:45,9.93750007947286
6530219,2023-07-19 18:45:00+05:45,14.75000007947286
6530219,2023-07-19 19:45:00+05:45,27.345832983652752
6530219,2023-07-19 20:45:00+05:45,34.208333810170494
6530219,2023-07-19 21:45:00+05:45,36.43333339691162
6530219,2023-07-19 22:45:00+05:45,33.875
6530219,2023-07-19 23:45:00+05:45,33.1333335240682
6530219,2023-07-20 02:45:00+05:45,31.37499968210856
6530219,2023-07-20 03:45:00+05:45,23.529167016347248
6530219,2023-07-20 04:45:00+05:45,20.84583346048991
6530219,2023-07-20 05:45:00+05:45,27.10000006357829
6530219,2023-07-20 06:45:00+05:45,36.22916650772095
6530219,2023-07-20 07:45:00+05:45,46.47500069936117
6530219,2023-07-20 08:45:00+05:45,29.479166984558105
6530219,2023-07-20 09:45:00+05:45,22.67916663487752
6530219,2023-07-20 10:45:00+05:45,23.708333333333332
6530219,2023-07-20 11:45:00+05:45,21.491666952768963
6530219,2023-07-20 12:45:00+05:45,23.016666730244953
6530219,2023-07-20 13:45:00+05:45,25.57916688919067
6530219,2023-07-20 14:45:00+05:45,23.97083330154419
6530219,2023-07-20 15:45:00+05:45,26.71666653951009
6530219,2023-07-20 16:45:00+05:45,31.03750006357829
6530219,2023-07-20 17:45:00+05:45,30.512499809265137
6530219,2023-07-20 18:45:00+05:45,37.274999936421715
6530219,2023-07-20 19:45:00+05:45,44.24583307902018
6530219,2023-07-20 20:45:00+05:45,47.604166984558105
6530219,2023-07-20 21:45:00+05:45,48.77916653951009
6530219,2023-07-20 22:45:00+05:45,48.44999980926514
6530219,2023-07-20 23:45:00+05:45,41.52916685740153
6530219,2023-07-21 00:45:00+05:45,43.60000038146973
6530219,2023-07-21 01:45:00+05:45,42.25416660308838
9235746,2024-05-16 07:45:00+05:45,43.41848477450284
9235746,2024-05-16 08:45:00+05:45,44.577500343322754
9235746,2024-05-16 09:45:00+05:45,41.76785729148171
9235746,2024-05-16 10:45:00+05:45,33.22246996561686
9235746,2024-05-16 11:45:00+05:45,34.31294493241744
9235746,2024-05-16 12:45:00+05:45,37.541805585225426
9235746,2024-05-16 13:45:00+05:45,37.124487686157224
9235746,2024-05-16 14:45:00+05:45,37.23234144846598
9235746,2024-05-16 15:45:00+05:45,38.93670654296875
9235746,2024-05-16 16:45:00+05:45,40.49530760447184
9235746,2024-05-16 17:45:00+05:45,41.47182528177897
9235746,2024-05-16 18:45:00+05:45,41.55829334259033
9235746,2024-05-16 19:45:00+05:45,46.83268425681374
9235746,2024-05-16 20:45:00+05:45,51.383484927090734
9235746,2024-05-16 21:45:00+05:45,53.6792854309082
9235746,2024-05-16 22:45:00+05:45,51.8666664759318
9235746,2024-05-16 23:45:00+05:45,46.643006324768066
9235746,2024-05-17 00:45:00+05:45,49.36815516153971
9235746,2024-05-17 01:45:00+05:45,48.18854173024496
9235746,2024-05-17 02:45:00+05:45,47.5238094329834
9235746,2024-05-17 03:45:00+05:45,58.06760883331299
9235746,2024-05-17 04:45:00+05:45,56.457539876302086
9235746,2024-05-17 05:45:00+05:45,65.40047613779704
9235746,2024-05-17 06:45:00+05:45,67.13452339172363
9235746,2024-05-17 07:45:00+05:45,76.69932619730632
9235746,2024-05-17 08:45:00+05:45,70.87777741750081
9235746,2024-05-17 09:45:00+05:45,61.32726256052653
9235746,2024-05-17 10:45:00+05:45,47.6839288075765
9235746,2024-05-17 11:45:00+05:45,45.89330291748047
9235746,2024-05-17 12:45:00+05:45,46.74712308247884
9235746,2024-05-17 13:45:00+05:45,48.271974881490074
9235746,2024-05-17 14:45:00+05:45,49.283729553222656
9235746,2024-05-17 15:45:00+05:45,51.06949392954508
9235746,2024-05-17 16:45:00+05:45,52.043055852254234
9235746,2024-05-17 17:45:00+05:45,62.831348737080894
9235746,2024-05-17 18:45:00+05:45,63.3160711924235
9235746,2024-05-17 19:45:00+05:45,73.7176187688654
9235746,2024-05-17 20:45:00+05:45,78.02976163228352
9235746,2024-05-17 21:45:00+05:45,85.80940399169921
9235746,2024-05-17 22:45:00+05:45,76.37361081441243
9235746,2024-05-17 23:45:00+05:45,77.58214314778645
9235746,2024-05-18 00:45:00+05:45,72.68055566151936
9235746,2024-05-18 01:45:00+05:45,83.9329382578532
9235746,2024-05-18 02:45:00+05:45,85.77912712097168
9235746,2024-05-18 03:45:00+05:45,80.07949744330512
9235746,2024-05-18 04:45:00+05:45,78.99795150756836
9235746,2024-05-18 05:45:00+05:45,96.34054149280897
9235746,2024-05-18 06:45:00+05:45,88.9103577931722
9235746,2024-05-18 07:45:00+05:45,93.9035711288452
9235746,2024-05-18 08:45:00+05:45,83.41714248657226
9235746,2024-05-18 09:45:00+05:45,73.8367427479137
9235746,2024-05-18 10:45:00+05:45,64.11746088663737
9235746,2024-05-18 11:45:00+05:45,68.40502548217773
9235746,2024-05-18 12:45:00+05:45,61.400432933460586
9235746,2024-05-18 13:45:00+05:45,59.720001220703125
9235746,2024-05-18 14:45:00+05:45,59.04761941092355
9235746,2024-05-18 15:45:00+05:45,62.88908735911051
9235746,2024-05-18 16:45:00+05:45,68.04523785909016
9235746,2024-05-18 17:45:00+05:45,70.1523806254069
9235746,2024-05-18 18:45:00+05:45,72.53261947631836
9235746,2024-05-18 19:45:00+05:45,82.87321345011394
9235746,2024-05-18 20:45:00+05:45,83.40261936187744
9235746,2024-05-18 21:45:00+05:45,80.15625190734863
9235746,2024-05-18 22:45:00+05:45,81.68714447021485
9235746,2024-05-18 23:45:00+05:45,72.09000015258789
9235746,2024-05-19 00:45:00+05:45,69.91716613769532
9235746,2024-05-19 01:45:00+05:45,55.33476181030274
9235746,2024-05-19 02:45:00+05:45,57.907347542899
9235746,2024-05-19 03:45:00+05:45,58.41404833112444
9235746,2024-05-19 04:45:00+05:45,53.93791580200195
9235746,2024-05-19 05:45:00+05:45,57.58821487426758
9235746,2024-05-19 06:45:00+05:45,60.952779134114586
9235746,2024-05-19 07:45:00+05:45,75.09484036763509
9235746,2024-05-19 08:45:00+05:45,72.44059499104817
9235746,2024-05-19 09:45:00+05:45,68.39796120779855
9235746,2024-05-19 10:45:00+05:45,64.1047613961356
9235746,2024-05-19 11:45:00+05:45,65.2452392578125
9235746,2024-05-19 12:45:00+05:45,61.54142951965332
9235746,2024-05-19 13:45:00+05:45,53.40816688537598
9235746,2024-05-19 14:45:00+05:45,59.49444452921549
9235746,2024-05-19 16:45:00+05:45,52.099998474121094
9235746,2024-05-19 17:45:00+05:45,78.27999877929688
9235746,2024-05-19 18:45:00+05:45,68.20071458816528
9235746,2024-05-19 19:45:00+05:45,68.84682655334473
9235746,2024-05-19 20:45:00+05:45,71.22959480285644
9235746,2024-05-19 21:45:00+05:45,76.72037082248264
9235746,2024-05-19 22:45:00+05:45,59.47562503814697
9235746,2024-05-19 23:45:00+05:45,75.66610301624645
9235746,2024-05-20 00:45:00+05:45,71.32500076293945
9235746,2024-05-20 01:45:00+05:45,69.50618961879185
9235746,2024-05-20 02:45:00+05:45,63.41984219021268
9235746,2024-05-20 03:45:00+05:45,69.83248901367188
9235746,2024-05-20 04:45:00+05:45,75.42142868041992
9235746,2024-05-20 05:45:00+05:45,84.78057174682617
9235746,2024-05-20 06:45:00+05:45,47.601851569281685
9235746,2024-05-20 07:45:00+05:45,58.15185207790799
9235746,2024-05-20 08:45:00+05:45,65.05735952203923
9235746,2024-05-20 09:45:00+05:45,84.5667625427246
9235746,2024-05-20 10:45:00+05:45,77.58148023817274
9235746,2024-05-20 11:45:00+05:45,56.5
14153358,2025-09-19 04:45:00+05:45,38.01979128519694
14153358,2025-09-19 05:45:00+05:45,43.52341651916504
14153358,2025-09-19 06:45:00+05:45,38.168958028157554
14153358,2025-09-19 07:45:00+05:45,38.26408322652181
14153358,2025-09-19 08:45:00+05:45,50.14570840199789
14153358,2025-09-19 09:45:00+05:45,60.049638748168945
14153358,2025-09-19 10:45:00+05:45,47.575069427490234
14153358,2025-09-19 11:45:00+05:45,27.9386666615804
14153358,2025-09-19 12:45:00+05:45,18.488458077112835
14153358,2025-09-19 13:45:00+05:45,21.904083251953125
14153358,2025-09-19 14:45:00+05:45,28.53262488047282
14153358,2025-09-19 15:45:00+05:45,34.23812516530355
14153358,2025-09-19 16:45:00+05:45,37.549583435058594
14153358,2025-09-19 17:45:00+05:45,51.95325056711832
14153358,2025-09-19 18:45:00+05:45,66.87266699473064
14153358,2025-09-19 19:45:00+05:45,48.54390207926432
14153358,2025-09-19 20:45:00+05:45,43.85379155476888
14153358,2025-09-19 21:45:00+05:45,43.55754184722901
14153358,2025-09-19 22:45:00+05:45,40.36979134877523
14153358,2025-09-19 23:45:00+05:45,38.511749585469566
14153358,2025-09-20 00:45:00+05:45,34.3415412902832
14153358,2025-09-20 01:45:00+05:45,33.344291528066
14153358,2025-09-20 02:45:00+05:45,13.823874831199646
14153358,2025-09-20 03:45:00+05:45,21.237166961034134
14153358,2025-09-20 04:45:00+05:45,31.54604164759318
14153358,2025-09-20 05:45:00+05:45,42.865458488464355
14153358,2025-09-20 06:45:00+05:45,44.28979206085205
14153358,2025-09-20 07:45:00+05:45,46.38241640726725
14153358,2025-09-20 08:45:00+05:45,48.549208323160805
14153358,2025-09-20 09:45:00+05:45,41.38676357269287
14153358,2025-09-20 10:45:00+05:45,42.01962534586588
14153358,2025-09-20 11:45:00+05:45,33.647541522979736
14153358,2025-09-20 12:45:00+05:45,29.44462505976359
14153358,2025-09-20 13:45:00+05:45,22.49045817057292
14153358,2025-09-20 14:45:00+05:45,20.291833718617756
14153358,2025-09-20 15:45:00+05:45,16.68400001525879
14153358,2025-09-20 16:45:00+05:45,21.315250237782795
14153358,2025-09-20 17:45:00+05:45,30.66895818710327
14153358,2025-09-20 18:45:00+05:45,39.57537571589152
14153358,2025-09-20 19:45:00+05:45,39.74229176839193
14153358,2025-09-20 20:45:00+05:45,33.41151364644369
14153358,2025-09-20 21:45:00+05:45,32.26341644922892
14153358,2025-09-20 22:45:00+05:45,35.99016682306925
14153358,2025-09-20 23:45:00+05:45,24.104875087738037
14153358,2025-09-21 00:45:00+05:45,21.877125183741253
14153358,2025-09-21 01:45:00+05:45,21.926583131154377
14153358,2025-09-21 02:45:00+05:45,23.54633315404256
14153358,2025-09-21 03:45:00+05:45,8.863624890645346
14153358,2025-09-21 04:45:00+05:45,10.956083357334135
14153358,2025-09-21 05:45:00+05:45,17.227374871571858
14153358,2025-09-21 06:45:00+05:45,25.617416858673096
14153358,2025-09-21 07:45:00+05:45,35.893333435058594
14153358,2025-09-21 08:45:00+05:45,39.95937522252401
14153358,2025-09-21 09:45:00+05:45,34.632333278656006
14153358,2025-09-21 10:45:00+05:45,32.61523644129435
14153358,2025-09-21 11:45:00+05:45,30.034499963124592
14153358,2025-09-21 12:45:00+05:45,21.87555575370789
14153358,2025-09-21 13:45:00+05:45,10.80026384194692
14153358,2025-09-21 14:45:00+05:45,8.991666714350382
14153358,2025-09-21 15:45:00+05:45,9.54147219657898
14153358,2025-09-21 16:45:00+05:45,14.101875146230062
14153358,2025-09-21 17:45:00+05:45,28.005889018376667
14153358,2025-09-21 18:45:00+05:45,30.647541840871177
14153358,2025-09-21 19:45:00+05:45,26.15845823287964
14153358,2025-09-21 20:45:00+05:45,35.71058305104574
14153358,2025-09-21 21:45:00+05:45,42.749499797821045
14153358,2025-09-21 22:45:00+05:45,47.41016674041748
14153358,2025-09-21 23:45:00+05:45,37.26741695404053
14153358,2025-09-22 00:45:00+05:45,36.39183330535889
14153358,2025-09-22 01:45:00+05:45,35.60187482833862
14153358,2025-09-22 02:45:00+05:45,33.13583389918009
14153358,2025-09-22 03:45:00+05:45,39.7001256942749
14153358,2025-09-22 04:45:00+05:45,55.54754161834717
14153358,2025-09-22 05:45:00+05:45,47.67795785268148
14153358,2025-09-22 06:45:00+05:45,44.212666829427086
14153358,2025-09-22 07:45:00+05:45,40.80100059509277
14153358,2025-09-22 08:45:00+05:45,39.53258355458578
14153358,2025-09-22 09:45:00+05:45,44.70795853932699
14153358,2025-09-22 10:45:00+05:45,33.02088896433512
14153358,2025-09-22 11:45:00+05:45,27.495097160339355
14153358,2025-09-22 12:45:00+05:45,31.49666690826416
14153358,2025-09-22 13:45:00+05:45,23.44212516148885
14153358,2025-09-22 14:45:00+05:45,25.79925028483073
14153358,2025-09-22 15:45:00+05:45,29.769805431365967
14153358,2025-09-22 16:45:00+05:45,29.73033348719279
14153358,2025-09-22 17:45:00+05:45,38.40970802307129
14153358,2025-09-22 18:45:00+05:45,43.71245861053467
14153358,2025-09-22 19:45:00+05:45,56.10983371734619
14153358,2025-09-22 20:45:00+05:45,48.32774988810221
14153358,2025-09-22 21:45:00+05:45,46.07741673787435
14153358,2025-09-22 22:45:00+05:45,51.51179122924805
14153358,2025-09-22 23:45:00+05:45,38.38694429397583
14153358,2025-09-23 00:45:00+05:45,29.94075036048889
14153358,2025-09-23 01:45:00+05:45,7.948736151059468
14153358,2025-09-23 02:45:00+05:45,20.64641670385997
14153358,2025-09-23 03:45:00+05:45,24.77012511094411
14153358,2025-09-23 04:45:00+05:45,40.93079169591268
14153358,2025-09-23 05:45:00+05:45,34.58137480417887
14153358,2025-09-23 06:45:00+05:45,42.901917139689125
14153358,2025-09-23 07:45:00+05:45,55.695499420166016
14207425,2025-09-25 11:45:00+05:45,22.14111105600993
14207425,2025-09-25 12:45:00+05:45,6.306208332379659
14207425,2025-09-25 13:45:00+05:45,4.5341388781865435
14207425,2025-09-25 14:45:00+05:45,5.093624989191691
14207425,2025-09-25 15:45:00+05:45,3.778374950091044
14207425,2025-09-25 16:45:00+05:45,5.507416725158691
14207425,2025-09-25 17:45:00+05:45,9.79804165363312
14207425,2025-09-25 18:45:00+05:45,23.239000039630465
14207425,2025-09-25 19:45:00+05:45,21.41828788121541
14207425,2025-09-25 20:45:00+05:45,24.302291735013327
14207425,2025-09-25 21:45:00+05:45,30.495916573206586
14207425,2025-09-25 22:45:00+05:45,30.15325007968478
14207425,2025-09-25 23:45:00+05:45,15.778291678428646
14207425,2025-09-26 00:45:00+05:45,16.62154166698456
14207425,2025-09-26 01:45:00+05:45,14.007458345095316
14207425,2025-09-26 02:45:00+05:45,14.45841665267944
14207425,2025-09-26 03:45:00+05:45,20.18944444656372
14207425,2025-09-26 04:45:00+05:45,25.35040287176768
14207425,2025-09-26 05:45:00+05:45,32.498458361625666
14207425,2025-09-26 06:45:00+05:45,37.20670820871989
14207425,2025-09-26 07:45:00+05:45,44.21774978637695
14207425,2025-09-26 08:45:00+05:45,43.40656931665209
14207425,2025-09-26 09:45:00+05:45,28.80351392957899
14207425,2025-09-26 10:45:00+05:45,22.561083364486695
14207425,2025-09-26 11:45:00+05:45,20.971847261322868
14207425,2025-09-26 12:45:00+05:45,11.049375001589455
14207425,2025-09-26 13:45:00+05:45,7.173249997033014
14207425,2025-09-26 14:45:00+05:45,5.544388887617323
14207425,2025-09-26 15:45:00+05:45,9.798430556721156
14207425,2025-09-26 16:45:00+05:45,16.01009722020891
14207425,2025-09-26 17:45:00+05:45,20.964541665712993
14207425,2025-09-26 18:45:00+05:45,20.276458168029784
14207425,2025-09-26 19:45:00+05:45,13.682796291068748
14207425,2025-09-26 20:45:00+05:45,13.2634583234787
14207425,2025-09-26 21:45:00+05:45,4.998374991118908
14207425,2025-09-26 22:45:00+05:45,0.603458335209224
14207425,2025-09-26 23:45:00+05:45,0.1237500021855036
14207425,2025-09-27 00:45:00+05:45,1.041083331902822
14207425,2025-09-27 01:45:00+05:45,1.4367083404834071
14207425,2025-09-27 02:45:00+05:45,0.4974583315352598
14207425,2025-09-27 03:45:00+05:45,0.6704166560123364
14207425,2025-09-27 04:45:00+05:45,8.91231946705116
14207425,2025-09-27 05:45:00+05:45,19.845083332061765
14207425,2025-09-27 06:45:00+05:45,19.377874954541525
14207425,2025-09-27 07:45:00+05:45,24.795041640599568
14207425,2025-09-27 08:45:00+05:45,23.10000006357828
14207425,2025-09-27 09:45:00+05:45,11.2707727172158
14207425,2025-09-27 10:45:00+05:45,18.86601392163171
14207425,2025-09-27 11:45:00+05:45,15.874152768982782
14207425,2025-09-27 12:45:00+05:45,8.119500001271566
14207425,2025-09-27 13:45:00+05:45,6.275638887617323
14207425,2025-09-27 16:45:00+05:45,7.141263895564609
14207425,2025-09-27 17:45:00+05:45,15.909833330578278
14207425,2025-09-27 18:45:00+05:45,38.61716656949785
14207425,2025-09-27 19:45:00+05:45,24.450208369890845
14207425,2025-09-27 20:45:00+05:45,28.900861035452948
14207425,2025-09-27 21:45:00+05:45,29.09091667069329
14207425,2025-09-27 22:45:00+05:45,25.803124992052712
14207425,2025-09-27 23:45:00+05:45,30.677569466167025
14207425,2025-09-28 00:45:00+05:45,32.85231981542375
14207425,2025-09-28 01:45:00+05:45,25.959208337465924
14207425,2025-09-28 02:45:00+05:45,20.019583336512248
14207425,2025-09-28 03:45:00+05:45,17.718250004450482
14207425,2025-09-28 04:45:00+05:45,18.630708400408427
14207425,2025-09-28 05:45:00+05:45,24.85630555682712
14207425,2025-09-28 06:45:00+05:45,27.901458398501077
14207425,2025-09-28 07:45:00+05:45,29.42266668478648
14207425,2025-09-28 08:45:00+05:45,28.245875008900963
14207425,2025-09-28 09:45:00+05:45,23.40426394939423
14207425,2025-09-28 10:45:00+05:45,22.71679166952769
14207425,2025-09-28 11:45:00+05:45,23.2050417025884
14207425,2025-09-28 12:45:00+05:45,16.633833328882854
14207425,2025-09-28 16:45:00+05:45,15.276250002119276
14207425,2025-09-28 17:45:00+05:45,14.054347226354812
14207425,2025-09-28 18:45:00+05:45,28.964375058809917
14207425,2025-09-28 19:45:00+05:45,24.975111118952437
14207425,2025-09-28 20:45:00+05:45,28.805416594611273
14207425,2025-09-28 21:45:00+05:45,28.044250011444092
14207425,2025-09-28 22:45:00+05:45,25.515083328882852
14207425,2025-09-28 23:45:00+05:45,24.052708337042063
14207425,2025-09-29 00:45:00+05:45,25.011263881789315
14207425,2025-09-29 01:45:00+05:45,26.932624983787537
14207425,2025-09-29 02:45:00+05:45,25.279166650772098
14207425,2025-09-29 03:45:00+05:45,17.366166671117146
14207425,2025-09-29 04:45:00+05:45,8.532875005404154
14207425,2025-09-29 05:45:00+05:45,17.325861080487567
14207425,2025-09-29 06:45:00+05:45,28.915013771586953
14207425,2025-09-29 07:45:00+05:45,32.415124829610185
14207425,2025-09-29 08:45:00+05:45,36.561333560943616
14207425,2025-09-29 09:45:00+05:45,31.120041773054336
14207425,2025-09-29 10:45:00+05:45,20.526999998092652
14207425,2025-09-29 11:45:00+05:45,23.153999996185306
14207425,2025-09-29 12:45:00+05:45,29.226208368937183
14207425,2025-09-29 13:45:00+05:45,18.731041661898292
14207425,2025-09-29 14:45:00+05:45,19.118805567423504
14207425,2025-09-29 15:45:00+05:45,14.571361123190988
14207425,2025-09-29 17:45:00+05:45,24.977319439252216
14207425,2025-09-29 18:45:00+05:45,32.074083439509074
14207425,2025-09-29 19:45:00+05:45,35.16668042076959
14207425,2025-09-29 20:45:00+05:45,38.38854147593181
14272754,2025-10-03 04:45:00+05:45,17.82055555979411
14272754,2025-10-03 05:45:00+05:45,16.605763883060877
14272754,2025-10-03 06:45:00+05:45,23.49098611672719
14272754,2025-10-03 07:45:00+05:45,32.15923626157972
14272754,2025-10-03 08:45:00+05:45,35.07288852267795
14272754,2025-10-03 09:45:00+05:45,39.75862483978272
14272754,2025-10-03 10:45:00+05:45,44.71054159800211
14272754,2025-10-03 11:45:00+05:45,46.057124900817875
14272754,2025-10-03 12:45:00+05:45,39.304458483060195
14272754,2025-10-03 13:45:00+05:45,23.429166666666664
14272754,2025-10-03 14:45:00+05:45,15.853541673554313
14272754,2025-10-03 15:45:00+05:45,24.68187499841054
14272754,2025-10-03 16:45:00+05:45,27.39550004005432
14272754,2025-10-03 17:45:00+05:45,15.031666676203407
14272754,2025-10-03 18:45:00+05:45,32.950055270724825
14272754,2025-10-03 19:45:00+05:45,34.27120809555054
14272754,2025-10-03 20:45:00+05:45,31.00695813496908
14272754,2025-10-03 21:45:00+05:45,26.48887501557668
14272754,2025-10-03 22:45:00+05:45,18.644375014305115
14272754,2025-10-03 23:45:00+05:45,12.508680547608272
14272754,2025-10-04 00:45:00+05:45,6.951430551211039
14272754,2025-10-04 01:45:00+05:45,6.233874996503196
14272754,2025-10-04 02:45:00+05:45,5.589097237586976
14272754,2025-10-04 03:45:00+05:45,5.889472219679091
14272754,2025-10-04 04:45:00+05:45,7.157333342234293
14272754,2025-10-04 05:45:00+05:45,6.396041671435037
14272754,2025-10-04 06:45:00+05:45,11.454750002755056
14272754,2025-10-04 07:45:00+05:45,14.762625002861023
14272754,2025-10-04 08:45:00+05:45,12.237333329518636
14272754,2025-10-04 09:45:00+05:45,3.697208324943979
14272754,2025-10-04 10:45:00+05:45,3.480999995023012
14272754,2025-10-04 12:45:00+05:45,1.537666676690181
14272754,2025-10-04 13:45:00+05:45,0.047090910104188
14272754,2025-10-04 14:45:00+05:45,0.1574999998013178
14272754,2025-10-04 15:45:00+05:45,0.233333334326744
14272754,2025-10-04 16:45:00+05:45,0.9395138901554876
14272754,2025-10-04 17:45:00+05:45,2.495416669050852
14272754,2025-10-04 18:45:00+05:45,2.744375006440613
14272754,2025-10-04 19:45:00+05:45,2.6654166793657676
14272754,2025-10-04 20:45:00+05:45,0.3607222181227472
14272754,2025-10-04 21:45:00+05:45,0.0
14272754,2025-10-04 22:45:00+05:45,0.4868333334103227
14272754,2025-10-04 23:45:00+05:45,0.3853333326677481
14272754,2025-10-05 00:45:00+05:45,0.0110000004371007
14272754,2025-10-05 01:45:00+05:45,0.0166666669150193
14272754,2025-10-05 02:45:00+05:45,0.1381111125979158
14272754,2025-10-05 03:45:00+05:45,0.0
14272754,2025-10-05 04:45:00+05:45,0.0
14272754,2025-10-05 05:45:00+05:45,1.1749166650076708
14272754,2025-10-05 06:45:00+05:45,4.7989027755128015
14272754,2025-10-05 07:45:00+05:45,4.179291655123234
14272754,2025-10-05 08:45:00+05:45,11.3086527744929
14272754,2025-10-05 09:45:00+05:45,19.995916668574015
14272754,2025-10-05 10:45:00+05:45,17.937600002288814
14272754,2025-10-05 11:45:00+05:45,16.972999986012777
14272754,2025-10-05 12:45:00+05:45,4.079458326101302
14272754,2025-10-05 13:45:00+05:45,0.6011666731288036
14272754,2025-10-05 14:45:00+05:45,0.0
14272754,2025-10-05 15:45:00+05:45,0.0583333330849806
14272754,2025-10-05 16:45:00+05:45,1.201041672565043
14272754,2025-10-05 17:45:00+05:45,0.8976250108331442
14272754,2025-10-05 18:45:00+05:45,1.299666664501031
14272754,2025-10-05 19:45:00+05:45,1.7560555695866544
14272754,2025-10-05 20:45:00+05:45,0.1042916672097312
14272754,2025-10-05 21:45:00+05:45,0.0
14272754,2025-10-05 22:45:00+05:45,0.0
14272754,2025-10-05 23:45:00+05:45,0.0
14272754,2025-10-06 00:45:00+05:45,0.0
14272754,2025-10-08 08:45:00+05:45,28.351999988555907
14272754,2025-10-08 09:45:00+05:45,24.26709720558591
14272754,2025-10-08 10:45:00+05:45,23.195666678746544
14272754,2025-10-08 11:45:00+05:45,18.245333337783812
14272754,2025-10-08 12:45:00+05:45,16.10700000127157
14272754,2025-10-08 13:45:00+05:45,14.37101389302148
14272754,2025-10-08 14:45:00+05:45,13.903249994913738
14272754,2025-10-08 15:45:00+05:45,18.593916670481367
14272754,2025-10-08 16:45:00+05:45,23.709333324432375
14272754,2025-10-08 17:45:00+05:45,22.902027776506213
14272754,2025-10-08 18:45:00+05:45,24.98791667090522
14272754,2025-10-08 19:45:00+05:45,27.46799999872843
14272754,2025-10-08 20:45:00+05:45,28.713249929745988
14272754,2025-10-08 21:45:00+05:45,25.81054165363312
14272754,2025-10-08 22:45:00+05:45,26.859041666984563
14272754,2025-10-08 23:45:00+05:45,27.035666553179425
14272754,2025-10-09 00:45:00+05:45,23.05397221247355
14272754,2025-10-09 01:45:00+05:45,24.646111112170747
14272754,2025-10-09 02:45:00+05:45,25.794777780108976
14272754,2025-10-09 03:45:00+05:45,31.768013970057172
14272754,2025-10-09 04:45:00+05:45,33.31627764172024
14272754,2025-10-09 05:45:00+05:45,31.076166621843974
14272754,2025-10-09 06:45:00+05:45,31.576055595609876
14272754,2025-10-09 07:45:00+05:45,30.87662508487701
14272754,2025-10-09 08:45:00+05:45,36.238680617014566
14272754,2025-10-09 09:45:00+05:45,33.850541377067564
14272754,2025-10-09 10:45:00+05:45,27.92736121813456
14272754,2025-10-09 11:45:00+05:45,15.213652767075436
14272754,2025-10-09 12:45:00+05:45,15.058958331743876
14272754,2025-10-09 13:45:00+05:45,16.715458337465922
14272754,2025-10-09 14:45:00+05:45,15.92591667175293
14272754,2025-10-09 15:45:00+05:45,17.323555548985798
14975414,2025-12-24 12:45:00+05:45,44.44050064086914
14975414,2025-12-24 13:45:00+05:45,44.45550003051758
14975414,2025-12-24 14:45:00+05:45,43.105333455403645
14975414,2025-12-24 15:45:00+05:45,53.110166676839185
14975414,2025-12-24 16:45:00+05:45,79.45900054931641
14975414,2025-12-24 17:45:00+05:45,87.71254164377848
14975414,2025-12-24 18:45:00+05:45,71.24950027465819
14975414,2025-12-24 19:45:00+05:45,111.48016688028972
14975414,2025-12-24 20:45:00+05:45,110.9081667582194
14975414,2025-12-24 21:45:00+05:45,99.85533345540364
14975414,2025-12-24 22:45:00+05:45,65.66666666666667
14975414,2025-12-24 23:45:00+05:45,51.925333150227864
14975414,2025-12-25 00:45:00+05:45,46.78349990844726
14975414,2025-12-25 01:45:00+05:45,51.249833424886056
14975414,2025-12-25 02:45:00+05:45,62.6754997253418
14975414,2025-12-25 03:45:00+05:45,61.73633321126303
14975414,2025-12-25 04:45:00+05:45,61.38850021362305
14975414,2025-12-25 05:45:00+05:45,66.51133321126302
14975414,2025-12-25 06:45:00+05:45,76.03899993896484
14975414,2025-12-25 07:45:00+05:45,84.51083348592122
14975414,2025-12-25 08:45:00+05:45,79.68333333333334
14975414,2025-12-25 09:45:00+05:45,55.76983311971029
14975414,2025-12-25 10:45:00+05:45,43.01666666666666
14975414,2025-12-25 11:45:00+05:45,46.510666910807295
14975414,2025-12-25 12:45:00+05:45,47.23283360799153
14975414,2025-12-25 13:45:00+05:45,56.15550003051757
14975414,2025-12-25 14:45:00+05:45,53.71166636149088
14975414,2025-12-25 15:45:00+05:45,55.71066691080728
14975414,2025-12-25 16:45:00+05:45,70.32816645304362
14975414,2025-12-25 17:45:00+05:45,85.15283330281575
14975414,2025-12-25 18:45:00+05:45,90.51100006103518
14975414,2025-12-25 19:45:00+05:45,94.36050033569336
14975414,2025-12-25 20:45:00+05:45,120.67166697184248
14975414,2025-12-25 21:45:00+05:45,136.74166666666665
14975414,2025-12-25 22:45:00+05:45,135.31083348592122
14975414,2025-12-25 23:45:00+05:45,114.9668332417806
14975414,2025-12-26 00:45:00+05:45,126.70516688028972
14975414,2025-12-26 01:45:00+05:45,95.40550003051756
14975414,2025-12-26 02:45:00+05:45,109.93933308919271
14975414,2025-12-26 03:45:00+05:45,111.68050003051758
14975414,2025-12-26 04:45:00+05:45,112.10266672770184
14975414,2025-12-26 05:45:00+05:45,127.54166666666669
14975414,2025-12-26 06:45:00+05:45,141.67499999999998
14975414,2025-12-26 07:45:00+05:45,140.95533345540366
14975414,2025-12-26 08:45:00+05:45,131.99416681925456
14975414,2025-12-26 09:45:00+05:45,130.45800018310547
14975414,2025-12-26 10:45:00+05:45,105.07233327229818
14975414,2025-12-26 11:45:00+05:45,57.7504997253418
14975414,2025-12-26 12:45:00+05:45,47.35833333333333
14975414,2025-12-26 13:45:00+05:45,45.9821816184304
14975414,2025-12-26 14:45:00+05:45,55.19749984741211
14975414,2025-12-26 15:45:00+05:45,58.1
14975414,2025-12-26 16:45:00+05:45,52.64825019836425
14975414,2025-12-26 17:45:00+05:45,82.44966684977213
14975414,2025-12-26 18:45:00+05:45,138.2386672973633
14975414,2025-12-26 19:45:00+05:45,178.23866678873696
14975414,2025-12-26 20:45:00+05:45,202.93333307902017
14975414,2025-12-26 21:45:00+05:45,147.81316706339518
14975414,2025-12-26 22:45:00+05:45,122.80866648356118
14975414,2025-12-26 23:45:00+05:45,122.8893330891927
14975414,2025-12-27 00:45:00+05:45,115.72466684977212
14975414,2025-12-27 01:45:00+05:45,107.74783299764
14975414,2025-12-27 02:45:00+05:45,155.21350021362306
14975414,2025-12-27 03:45:00+05:45,106.60816675821938
14975414,2025-12-27 04:45:00+05:45,127.8055000305176
14975414,2025-12-27 05:45:00+05:45,154.96133321126305
14975414,2025-12-27 06:45:00+05:45,121.73616663614912
14975414,2025-12-27 07:45:00+05:45,140.7143330891927
14975414,2025-12-27 08:45:00+05:45,142.23850021362304
14975414,2025-12-27 09:45:00+05:45,134.4723332722982
14975414,2025-12-27 10:45:00+05:45,115.8698331197103
14975414,2025-12-27 11:45:00+05:45,71.33949966430664
14975414,2025-12-27 12:45:00+05:45,62.94433339436848
14975414,2025-12-27 13:45:00+05:45,54.38850021362305
14975414,2025-12-27 14:45:00+05:45,54.89100036621094
14975414,2025-12-27 15:45:00+05:45,51.60233357747395
14975414,2025-12-27 16:45:00+05:45,62.058833058675134
14975414,2025-12-27 17:45:00+05:45,81.77183354695637
14975414,2025-12-27 18:45:00+05:45,100.4056666056315
14975414,2025-12-27 19:45:00+05:45,272.47483393351234
14975414,2025-12-27 20:45:00+05:45,310.65283253987633
14975414,2025-12-27 21:45:00+05:45,264.99183451334636
14975414,2025-12-27 22:45:00+05:45,199.33116556803384
14975414,2025-12-27 23:45:00+05:45,156.30266672770185
14975414,2025-12-28 00:45:00+05:45,145.61699981689455
14975414,2025-12-28 01:45:00+05:45,104.54749984741213
14975414,2025-12-28 02:45:00+05:45,130.31916681925455
14975414,2025-12-28 03:45:00+05:45,163.8351671854655
14975414,2025-12-28 04:45:00+05:45,111.83883336385092
14975414,2025-12-28 05:45:00+05:45,125.65599975585938
14975414,2025-12-28 06:45:00+05:45,139.96033376057943
14975414,2025-12-28 07:45:00+05:45,127.83349990844728
14975414,2025-12-28 08:45:00+05:45,122.86966654459634
14975414,2025-12-28 09:45:00+05:45,137.69783299763998
14975414,2025-12-28 10:45:00+05:45,90.1866663614909
14975414,2025-12-28 11:45:00+05:45,94.08133290608724
14975414,2025-12-28 12:45:00+05:45,102.82584999084472
14975414,2025-12-28 13:45:00+05:45,71.55000000000001
14975414,2025-12-28 14:45:00+05:45,53.411333211263035
14975414,2025-12-28 15:45:00+05:45,52.186166636149096
14976381,2025-12-24 13:45:00+05:45,42.89222242567274
14976381,2025-12-24 14:45:00+05:45,48.26933339436849
14976381,2025-12-24 15:45:00+05:45,71.16683324178061
14976381,2025-12-24 16:45:00+05:45,69.14449996948242
14976381,2025-12-24 17:45:00+05:45,82.75583318074543
14976381,2025-12-24 18:45:00+05:45,97.73033345540364
14976381,2025-12-24 19:45:00+05:45,114.3583333333333
14976381,2025-12-24 20:45:00+05:45,114.3918332417806
14976381,2025-12-24 21:45:00+05:45,86.45266672770184
14976381,2025-12-24 22:45:00+05:45,70.14199981689454
14976381,2025-12-24 23:45:00+05:45,53.63616663614909
14976381,2025-12-25 00:45:00+05:45,49.157667032877605
14976381,2025-12-25 01:45:00+05:45,47.92516657511393
14976381,2025-12-25 02:45:00+05:45,50.95566660563151
14976381,2025-12-25 03:45:00+05:45,71.38633321126302
14976381,2025-12-25 04:45:00+05:45,69.75283330281576
14976381,2025-12-25 05:45:00+05:45,72.95566660563152
14976381,2025-12-25 06:45:00+05:45,93.4836664835612
14976381,2025-12-25 07:45:00+05:45,105.11916681925454
14976381,2025-12-25 08:45:00+05:45,115.15016657511391
14976381,2025-12-25 09:45:00+05:45,50.173166147867825
14976381,2025-12-25 10:45:00+05:45,41.00599975585937
14976381,2025-12-25 11:45:00+05:45,42.724999999999994
14976381,2025-12-25 12:45:00+05:45,43.70049972534181
14976381,2025-12-25 13:45:00+05:45,56.62216669718424
14976381,2025-12-25 14:45:00+05:45,59.74799957275391
14976381,2025-12-25 15:45:00+05:45,137.98316650390623
14976381,2025-12-25 16:45:00+05:45,173.47250010172527
14976381,2025-12-25 17:45:00+05:45,120.73916600545247
14976381,2025-12-25 18:45:00+05:45,95.41100006103515
14976381,2025-12-25 19:45:00+05:45,114.8081667582194
14976381,2025-12-25 20:45:00+05:45,105.07783330281576
14976381,2025-12-25 21:45:00+05:45,117.49966684977214
14976381,2025-12-25 22:45:00+05:45,126.2361666361491
14976381,2025-12-25 23:45:00+05:45,96.5754997253418
14976381,2025-12-26 00:45:00+05:45,80.19712467193604
14976381,2025-12-26 01:45:00+05:45,86.69749984741212
14976381,2025-12-26 02:45:00+05:45,82.16483357747397
14976381,2025-12-26 03:45:00+05:45,96.13083318074548
14976381,2025-12-26 04:45:00+05:45,94.2194999694824
14976381,2025-12-26 05:45:00+05:45,126.88945840199789
14976381,2025-12-26 06:45:00+05:45,142.64783274332686
14976381,2025-12-26 07:45:00+05:45,134.5586248397827
14976381,2025-12-26 08:45:00+05:45,164.12779165903729
14976381,2025-12-26 09:45:00+05:45,123.73300018310546
14976381,2025-12-26 10:45:00+05:45,98.6550003051758
14976381,2025-12-26 11:45:00+05:45,61.67266642252605
14976381,2025-12-26 12:45:00+05:45,49.71650009155274
14976381,2025-12-26 13:45:00+05:45,49.469818115234375
14976381,2025-12-26 14:45:00+05:45,72.66133321126301
14976381,2025-12-26 15:45:00+05:45,55.908833058675135
14976381,2025-12-26 16:45:00+05:45,50.88300018310546
14976381,2025-12-26 17:45:00+05:45,74.20583318074544
14976381,2025-12-26 18:45:00+05:45,102.76954161326093
14976381,2025-12-26 19:45:00+05:45,115.81916681925456
14976381,2025-12-26 20:45:00+05:45,136.17766672770185
14976381,2025-12-26 21:45:00+05:45,130.3393330891927
14976381,2025-12-26 22:45:00+05:45,95.6693333943685
14976381,2025-12-26 23:45:00+05:45,105.15283330281574
14976381,2025-12-27 00:45:00+05:45,92.2724998474121
14976381,2025-12-27 01:45:00+05:45,96.14516626993814
14976381,2025-12-27 02:45:00+05:45,80.08566691080728
14976381,2025-12-27 03:45:00+05:45,87.39966684977213
14976381,2025-12-27 04:45:00+05:45,101.05283330281576
14976381,2025-12-27 05:45:00+05:45,125.75833333333334
14976381,2025-12-27 06:45:00+05:45,126.80325012207032
14976381,2025-12-27 07:45:00+05:45,142.6668332417806
14976381,2025-12-27 08:45:00+05:45,156.03850021362305
14976381,2025-12-27 09:45:00+05:45,141.17416712443034
14976381,2025-12-27 10:45:00+05:45,114.90833333333336
14976381,2025-12-28 09:45:00+05:45,141.7355003356934
14976381,2025-12-28 10:45:00+05:45,98.01399993896484
14976381,2025-12-28 11:45:00+05:45,85.9090000152588
14976381,2025-12-28 12:45:00+05:45,101.57233327229818
14976381,2025-12-28 13:45:00+05:45,67.01133321126302
14976381,2025-12-28 14:45:00+05:45,58.15883305867513
14976381,2025-12-28 15:45:00+05:45,49.24499969482422
14976381,2025-12-28 16:45:00+05:45,51.55016657511393
14976381,2025-12-28 17:45:00+05:45,65.22549972534179
14976381,2025-12-28 18:45:00+05:45,90.43050003051758
14976381,2025-12-28 19:45:00+05:45,93.41916681925456
14976381,2025-12-28 20:45:00+05:45,134.23300018310547
14976381,2025-12-28 21:45:00+05:45,144.47799987792965
14976381,2025-12-28 22:45:00+05:45,142.6720001220703
14976381,2025-12-28 23:45:00+05:45,99.14216639200846
14976381,2025-12-29 00:45:00+05:45,96.98349990844726
14976381,2025-12-29 01:45:00+05:45,88.41083348592122
14976381,2025-12-29 02:45:00+05:45,75.23083318074545
14976381,2025-12-29 03:45:00+05:45,103.75266672770182
14976381,2025-12-29 04:45:00+05:45,102.64983342488608
14976381,2025-12-29 05:45:00+05:45,118.0696667989095
14976381,2025-12-29 06:45:00+05:45,117.41366678873698
14976381,2025-12-29 07:45:00+05:45,139.64483311971028
14976381,2025-12-29 08:45:00+05:45,139.3638333638509
14976381,2025-12-29 09:45:00+05:45,125.72950057983398
14976381,2025-12-29 10:45:00+05:45,83.60899963378907
14976381,2025-12-29 11:45:00+05:45,74.72183354695638
14976381,2025-12-29 12:45:00+05:45,77.40049972534179
14976381,2025-12-29 13:45:00+05:45,58.65283330281576
14976381,2025-12-29 14:45:00+05:45,47.80266672770182
14153468,2025-09-19 04:45:00+05:45,5.333333333333333
14153468,2025-09-19 05:45:00+05:45,9.642194350560509
14153468,2025-09-19 06:45:00+05:45,14.658708175023396
14153468,2025-09-19 07:45:00+05:45,14.817958354949951
14153468,2025-09-19 08:45:00+05:45,20.73429155349731
14153468,2025-09-19 09:45:00+05:45,31.02000029881795
14153468,2025-09-19 10:45:00+05:45,23.41416645050049
14153468,2025-09-19 11:45:00+05:45,20.83941674232483
14153468,2025-09-19 12:45:00+05:45,12.51533337434133
14153468,2025-09-19 13:45:00+05:45,6.821208318074544
14153468,2025-09-19 14:45:00+05:45,13.123208363850912
14153468,2025-09-19 15:45:00+05:45,18.80734705924988
14153468,2025-09-19 16:45:00+05:45,25.529375076293945
14153468,2025-09-19 17:45:00+05:45,29.9322083791097
14153468,2025-09-19 18:45:00+05:45,29.956458568573
14153468,2025-09-19 19:45:00+05:45,31.547666549682617
14153468,2025-09-19 20:45:00+05:45,26.978166739145916
14153468,2025-09-19 21:45:00+05:45,20.184916893641155
14153468,2025-09-19 22:45:00+05:45,13.850125074386597
14153468,2025-09-19 23:45:00+05:45,8.87155556678772
14153468,2025-09-20 00:45:00+05:45,5.556333303451538
14153468,2025-09-20 01:45:00+05:45,3.0525000294049582
14153468,2025-09-20 02:45:00+05:45,1.2152916565537453
14153468,2025-09-20 03:45:00+05:45,2.813875029484431
14153468,2025-09-20 04:45:00+05:45,6.340458313624064
14153468,2025-09-20 05:45:00+05:45,5.8476249774297075
14153468,2025-09-20 06:45:00+05:45,63.923791805903114
14153468,2025-09-20 07:45:00+05:45,27.173999945322674
14153468,2025-09-20 08:45:00+05:45,23.309083620707195
14153468,2025-09-20 09:45:00+05:45,22.43441692988078
14153468,2025-09-20 10:45:00+05:45,19.30583341916402
14153468,2025-09-20 11:45:00+05:45,5.10295836130778
14153468,2025-09-20 12:45:00+05:45,10.538666685422262
14153468,2025-09-20 13:45:00+05:45,8.360791762669882
14153468,2025-09-20 14:45:00+05:45,6.403833349545796
14153468,2025-09-20 15:45:00+05:45,7.277680555979411
14153468,2025-09-20 16:45:00+05:45,11.718166589736938
14153468,2025-09-20 17:45:00+05:45,18.1715833346049
14153468,2025-09-20 18:45:00+05:45,20.676541566848755
14153468,2025-09-20 19:45:00+05:45,14.27400000890096
14153468,2025-09-20 20:45:00+05:45,18.291500012079876
14153468,2025-09-20 21:45:00+05:45,9.499916672706604
14153468,2025-09-20 22:45:00+05:45,5.9274583260218305
14153468,2025-09-20 23:45:00+05:45,5.579833348592122
14153468,2025-09-21 00:45:00+05:45,7.062166690826416
14153468,2025-09-21 01:45:00+05:45,8.810000022252401
14153468,2025-09-21 02:45:00+05:45,8.113791624704996
14153468,2025-09-21 03:45:00+05:45,2.3440416554609933
14153468,2025-09-21 04:45:00+05:45,0.9197083208709956
14153468,2025-09-21 05:45:00+05:45,1.6736666541546583
14153468,2025-09-21 06:45:00+05:45,5.286930561065674
14153468,2025-09-21 07:45:00+05:45,18.73300019900004
14153468,2025-09-21 08:45:00+05:45,14.50362491607666
14153468,2025-09-21 09:45:00+05:45,13.506791671117147
14153468,2025-09-21 10:45:00+05:45,16.626916885375977
14153468,2025-09-21 11:45:00+05:45,21.68537473678589
14153468,2025-09-21 12:45:00+05:45,11.046642780303957
14153468,2025-09-21 13:45:00+05:45,3.8985416491826377
14153468,2025-09-21 14:45:00+05:45,5.144583324591319
14153468,2025-09-21 15:45:00+05:45,6.901874979337056
14153468,2025-09-21 16:45:00+05:45,9.001083413759867
14153468,2025-09-21 17:45:00+05:45,14.432305653889976
14153468,2025-09-21 18:45:00+05:45,17.77679173151652
14153468,2025-09-21 19:45:00+05:45,22.84077787399292
14153468,2025-09-21 20:45:00+05:45,28.52066644032796
14153468,2025-09-21 21:45:00+05:45,24.760833581288654
14153468,2025-09-21 22:45:00+05:45,23.14170837402344
14153468,2025-09-21 23:45:00+05:45,21.928958257039387
14153468,2025-09-22 00:45:00+05:45,20.436124960581463
14153468,2025-09-22 01:45:00+05:45,18.47416663169861
14153468,2025-09-22 02:45:00+05:45,15.997124830881754
14153468,2025-09-22 03:45:00+05:45,16.026110887527466
14153468,2025-09-22 04:45:00+05:45,19.08425013224284
14153468,2025-09-22 05:45:00+05:45,23.981027762095135
14153468,2025-09-22 06:45:00+05:45,29.406833330790203
14153468,2025-09-22 07:45:00+05:45,35.39495849609375
14153468,2025-09-22 08:45:00+05:45,32.81970834732056
14153468,2025-09-22 09:45:00+05:45,41.09159692128499
14153468,2025-09-22 10:45:00+05:45,32.06766653060913
14153468,2025-09-22 11:45:00+05:45,15.065666516621908
14153468,2025-09-22 12:45:00+05:45,12.756944338480633
14153468,2025-09-22 13:45:00+05:45,8.852416594823202
14153468,2025-09-22 14:45:00+05:45,12.434333205223083
14153468,2025-09-22 15:45:00+05:45,10.02863891919454
14153468,2025-09-22 16:45:00+05:45,22.070416927337646
14153468,2025-09-22 17:45:00+05:45,24.225750128428142
14153468,2025-09-22 18:45:00+05:45,22.10718059539795
14153468,2025-09-22 19:45:00+05:45,22.351250171661377
14153468,2025-09-22 20:45:00+05:45,21.140833377838135
14153468,2025-09-22 21:45:00+05:45,18.997486114501953
14153468,2025-09-22 22:45:00+05:45,18.907708326975506
14153468,2025-09-22 23:45:00+05:45,16.00920836130778
14153468,2025-09-23 00:45:00+05:45,14.906361182530722
14153468,2025-09-23 01:45:00+05:45,2.0007083266973495
14153468,2025-09-23 02:45:00+05:45,0.838583342730999
14153468,2025-09-23 03:45:00+05:45,2.0251666605472565
14153468,2025-09-23 04:45:00+05:45,3.278541644414266
14153468,2025-09-23 05:45:00+05:45,8.27269446849823
14153468,2025-09-23 06:45:00+05:45,21.607916593551636
14153468,2025-09-23 07:45:00+05:45,17.394874970118206
14153373,2025-09-19 04:45:00+05:45,7.158874948819478
14153373,2025-09-19 05:45:00+05:45,22.83748594919841
14153373,2025-09-19 06:45:00+05:45,22.31233350435893
14153373,2025-09-19 07:45:00+05:45,21.630569458007812
14153373,2025-09-19 08:45:00+05:45,19.565111080805465
14153373,2025-09-19 09:45:00+05:45,30.41527795791626
14153373,2025-09-19 10:45:00+05:45,19.016541957855225
14153373,2025-09-19 11:45:00+05:45,20.382360974947613
14153373,2025-09-19 12:45:00+05:45,8.39591658115387
14153373,2025-09-20 08:45:00+05:45,37.237712686712094
14153373,2025-09-20 09:45:00+05:45,23.86756984392802
14153373,2025-09-20 10:45:00+05:45,14.152166724205015
14153373,2025-09-20 11:45:00+05:45,6.0003611246744795
14153373,2025-09-20 12:45:00+05:45,5.3807499806086225
14153373,2025-09-20 13:45:00+05:45,8.603722174962362
14153373,2025-09-20 14:45:00+05:45,9.190791527430216
14153373,2025-09-20 15:45:00+05:45,11.783666888872782
14153373,2025-09-20 16:45:00+05:45,12.945763985315958
14153373,2025-09-20 17:45:00+05:45,20.619291464487713
14153373,2025-09-20 18:45:00+05:45,21.07609701156616
14153373,2025-09-20 19:45:00+05:45,15.138097047805786
14153373,2025-09-20 20:45:00+05:45,11.610541820526125
14153373,2025-09-20 21:45:00+05:45,8.963138937950134
14153373,2025-09-20 22:45:00+05:45,8.398666580518087
14153373,2025-09-20 23:45:00+05:45,10.95747216542562
14153373,2025-09-21 00:45:00+05:45,11.16800014177958
14153373,2025-09-21 01:45:00+05:45,15.739555597305298
14153373,2025-09-21 02:45:00+05:45,15.685791492462158
14153373,2025-09-21 03:45:00+05:45,13.163402636845907
14153373,2025-09-21 04:45:00+05:45,4.232194473346074
14153373,2025-09-21 05:45:00+05:45,2.7693333526452384
14153373,2025-09-21 06:45:00+05:45,7.768069426218669
14153373,2025-09-21 07:45:00+05:45,13.387249946594238
14153373,2025-09-21 08:45:00+05:45,10.3581250111262
14153373,2025-09-21 09:45:00+05:45,15.459277788798014
14153373,2025-09-21 10:45:00+05:45,11.960069378217062
14153373,2025-09-21 11:45:00+05:45,10.028472224871315
14153373,2025-09-21 12:45:00+05:45,9.960848504846746
14153373,2025-09-21 13:45:00+05:45,5.442916611830394
14153373,2025-09-21 14:45:00+05:45,6.624374945958455
14153373,2025-09-21 15:45:00+05:45,11.88955561319987
14153373,2025-09-21 16:45:00+05:45,27.83684959411621
14153373,2025-09-21 17:45:00+05:45,31.077208201090496
14153373,2025-09-21 18:45:00+05:45,32.434541861216225
14153373,2025-09-21 19:45:00+05:45,32.96258306503296
14153373,2025-09-21 20:45:00+05:45,29.31820837656657
14153373,2025-09-21 21:45:00+05:45,27.4116112391154
14153373,2025-09-21 22:45:00+05:45,25.96222225824992
14153373,2025-09-21 23:45:00+05:45,26.586888790130615
14153373,2025-09-22 00:45:00+05:45,26.383888880411785
14153373,2025-09-22 01:45:00+05:45,24.376333236694336
14153373,2025-09-22 02:45:00+05:45,22.881625016530354
14153373,2025-09-22 03:45:00+05:45,23.39869435628255
14153373,2025-09-22 04:45:00+05:45,28.132236162821453
14153373,2025-09-22 05:45:00+05:45,33.64529164632162
14153373,2025-09-22 06:45:00+05:45,38.59845797220866
14153373,2025-09-22 07:45:00+05:45,41.24470869700114
14153373,2025-09-22 08:45:00+05:45,42.10770829518636
14153373,2025-09-22 09:45:00+05:45,28.546208381652832
14153373,2025-09-22 10:45:00+05:45,24.046388785044353
14153373,2025-09-22 11:45:00+05:45,21.38968086242676
14153373,2025-09-22 12:45:00+05:45,20.152805884679157
14153373,2025-09-22 13:45:00+05:45,13.051291704177856
14153373,2025-09-22 14:45:00+05:45,12.23087509473165
14153373,2025-09-22 15:45:00+05:45,21.360360940297443
14153373,2025-09-22 16:45:00+05:45,27.597819646199543
14153373,2025-09-22 17:45:00+05:45,32.394097010294594
14153373,2025-09-22 18:45:00+05:45,28.3449444770813
14153373,2025-09-22 19:45:00+05:45,25.155138969421387
14153373,2025-09-22 20:45:00+05:45,23.17787488301595
14153373,2025-09-22 21:45:00+05:45,23.908111413319904
14153373,2025-09-22 22:45:00+05:45,21.988625049591064
14153373,2025-09-22 23:45:00+05:45,20.510000069936115
14153373,2025-09-23 00:45:00+05:45,21.163763999938965
14153373,2025-09-23 01:45:00+05:45,7.950041651725769
14153373,2025-09-23 02:45:00+05:45,4.489249924818675
14153373,2025-09-23 03:45:00+05:45,6.95461110273997
14153373,2025-09-23 04:45:00+05:45,11.362083435058594
14153373,2025-09-23 05:45:00+05:45,27.741125106811523
14153373,2025-09-23 06:45:00+05:45,26.34713888168335
14153373,2025-09-23 07:45:00+05:45,21.976083119710285
14153373,2025-09-23 08:45:00+05:45,22.176833152770996
14153373,2025-09-23 09:45:00+05:45,27.30613899230957
14153373,2025-09-23 10:45:00+05:45,19.539124806722004
14153373,2025-09-23 11:45:00+05:45,19.228041648864743
14153373,2025-09-23 12:45:00+05:45,20.710416475931805
14153373,2025-09-23 13:45:00+05:45,26.51337496439616
14153373,2025-09-23 14:45:00+05:45,16.45911105473836
14153373,2025-09-23 15:45:00+05:45,14.748545559969816
14153373,2025-09-23 16:45:00+05:45,24.24476416905721
14153373,2025-09-23 17:45:00+05:45,30.739083290100098
14153373,2025-09-23 18:45:00+05:45,32.097708543141685
14153373,2025-09-23 19:45:00+05:45,29.662611484527588
14153373,2025-09-23 20:45:00+05:45,32.795333014594185
14153373,2025-09-23 21:45:00+05:45,29.09564290727888
14153373,2025-09-23 22:45:00+05:45,27.123152414957683
14153373,2025-09-23 23:45:00+05:45,24.84766658147176
14153373,2025-09-24 00:45:00+05:45,26.154861291249592
14153373,2025-09-24 01:45:00+05:45,23.22879155476888
14153373,2025-09-24 02:45:00+05:45,20.722708066304524
14153363,2025-09-19 04:45:00+05:45,8.275694410006205
14153363,2025-09-19 05:45:00+05:45,17.38498608271281
14153363,2025-09-19 06:45:00+05:45,18.55304177602132
14153363,2025-09-19 07:45:00+05:45,10.105027715365091
14153363,2025-09-19 08:45:00+05:45,11.034833431243896
14153363,2025-09-19 09:45:00+05:45,20.1940971215566
14153363,2025-09-19 10:45:00+05:45,10.935666720072428
14153363,2025-09-19 11:45:00+05:45,9.09320823351542
14153363,2025-09-19 12:45:00+05:45,12.578041553497314
14153363,2025-09-19 13:45:00+05:45,14.645402868588766
14153363,2025-09-19 14:45:00+05:45,13.729652484258017
14153363,2025-09-19 15:45:00+05:45,20.32515255610148
14153363,2025-09-19 16:45:00+05:45,12.203500151634216
14153363,2025-09-19 17:45:00+05:45,15.12987494468689
14153363,2025-09-19 18:45:00+05:45,16.668139060338337
14153363,2025-09-19 19:45:00+05:45,11.685208400090536
14153363,2025-09-19 20:45:00+05:45,7.612833380699158
14153363,2025-09-19 21:45:00+05:45,8.171666701634726
14153363,2025-09-19 22:45:00+05:45,9.417041659355164
14153363,2025-09-19 23:45:00+05:45,9.537027676900228
14153363,2025-09-20 00:45:00+05:45,4.188208321730296
14153363,2025-09-20 01:45:00+05:45,2.5926666855812073
14153363,2025-09-20 02:45:00+05:45,1.7112500071525574
14153363,2025-09-20 03:45:00+05:45,1.341416671872139
14153363,2025-09-20 04:45:00+05:45,5.61686114470164
14153363,2025-09-20 05:45:00+05:45,10.171055495738983
14153363,2025-09-20 06:45:00+05:45,30.166013558705647
14153363,2025-09-20 07:45:00+05:45,29.435222148895264
14153363,2025-09-20 08:45:00+05:45,27.372249762217205
14153363,2025-09-20 09:45:00+05:45,19.95670835177104
14153363,2025-09-20 10:45:00+05:45,7.442375063896179
14153363,2025-09-20 11:45:00+05:45,4.369944453239441
14153363,2025-09-20 12:45:00+05:45,2.973402818044027
14153363,2025-09-20 13:45:00+05:45,2.8770416577657065
14153363,2025-09-20 14:45:00+05:45,4.0801666378974915
14153363,2025-09-20 15:45:00+05:45,5.163708329200745
14153363,2025-09-20 16:45:00+05:45,6.408875028292338
14153363,2025-09-20 17:45:00+05:45,11.393805543581644
14153363,2025-09-20 18:45:00+05:45,13.204875071843466
14153363,2025-09-20 19:45:00+05:45,6.928861101468404
14153363,2025-09-20 20:45:00+05:45,6.438708305358887
14153363,2025-09-20 21:45:00+05:45,5.311291615168254
14153363,2025-09-20 22:45:00+05:45,6.334069450696309
14153363,2025-09-20 23:45:00+05:45,7.7662917375564575
14153363,2025-09-21 00:45:00+05:45,8.633541742960611
14153363,2025-09-21 01:45:00+05:45,9.25231945514679
14153363,2025-09-21 02:45:00+05:45,8.625749866167704
14153363,2025-09-21 03:45:00+05:45,11.49874997138977
14153363,2025-09-21 04:45:00+05:45,5.5831805765628815
14153363,2025-09-21 05:45:00+05:45,7.135791619618733
14153363,2025-09-21 06:45:00+05:45,11.641291618347168
14153363,2025-09-21 07:45:00+05:45,6.259402791659038
14153363,2025-09-21 08:45:00+05:45,4.0373194217681885
14153363,2025-09-21 09:45:00+05:45,7.244458317756653
14153363,2025-09-21 10:45:00+05:45,6.06398618221283
14153363,2025-09-21 11:45:00+05:45,7.482930461565654
14153363,2025-09-21 12:45:00+05:45,11.853833436965942
14153363,2025-09-21 13:45:00+05:45,10.114611148834229
14153363,2025-09-21 14:45:00+05:45,8.172249952952066
14153363,2025-09-21 15:45:00+05:45,14.30833339691162
14153363,2025-09-21 16:45:00+05:45,22.34569438298543
14153363,2025-09-21 17:45:00+05:45,26.910833199818928
14153363,2025-09-21 18:45:00+05:45,28.132166703542072
14153363,2025-09-21 19:45:00+05:45,26.89758316675822
14153363,2025-09-21 20:45:00+05:45,24.08894459406535
14153363,2025-09-21 21:45:00+05:45,22.518444220225017
14153363,2025-09-21 22:45:00+05:45,21.9207083384196
14153363,2025-09-21 23:45:00+05:45,21.8572359085083
14153363,2025-09-22 00:45:00+05:45,20.740805784861248
14153363,2025-09-22 01:45:00+05:45,19.029194355010983
14153363,2025-09-22 02:45:00+05:45,18.459208329518635
14153363,2025-09-22 03:45:00+05:45,18.61008342107137
14153363,2025-09-22 04:45:00+05:45,22.821333408355713
14153363,2025-09-22 05:45:00+05:45,27.497541904449463
14153363,2025-09-22 06:45:00+05:45,36.53345807393392
14153363,2025-09-22 07:45:00+05:45,34.924500465393066
14153363,2025-09-22 08:45:00+05:45,31.41766659418742
14153363,2025-09-22 09:45:00+05:45,22.73700014750163
14153363,2025-09-22 10:45:00+05:45,20.27791666984558
14153363,2025-09-22 11:45:00+05:45,13.028958241144815
14153363,2025-09-22 12:45:00+05:45,10.357513904571531
14153363,2025-09-22 13:45:00+05:45,8.127847274144491
14153363,2025-09-22 14:45:00+05:45,7.442347248395284
14153363,2025-09-22 15:45:00+05:45,10.609458446502686
14153363,2025-09-22 16:45:00+05:45,20.400875171025593
14153363,2025-09-22 17:45:00+05:45,24.038833141326904
14153363,2025-09-22 18:45:00+05:45,19.49845822652181
14153363,2025-09-22 19:45:00+05:45,22.92754173278809
14153363,2025-09-22 20:45:00+05:45,22.24143060048421
14153363,2025-09-22 21:45:00+05:45,24.24098602930705
14153363,2025-09-22 22:45:00+05:45,16.48183337847392
14153363,2025-09-22 23:45:00+05:45,15.675694465637209
14153363,2025-09-23 00:45:00+05:45,16.93341636657715
14153363,2025-09-23 01:45:00+05:45,15.601208448410034
14153363,2025-09-23 02:45:00+05:45,7.243541797002156
14153363,2025-09-23 03:45:00+05:45,7.4618750015894575
14153363,2025-09-23 04:45:00+05:45,12.065638899803162
14153363,2025-09-23 05:45:00+05:45,24.58508316675822
14153363,2025-09-23 06:45:00+05:45,26.129236062367756
14153363,2025-09-23 07:45:00+05:45,23.436333497365315
14153368,2025-09-19 04:45:00+05:45,3.447250008583069
14153368,2025-09-19 05:45:00+05:45,4.23779167731603
14153368,2025-09-19 06:45:00+05:45,6.309375007947286
14153368,2025-09-19 07:45:00+05:45,13.491291642189026
14153368,2025-09-19 08:45:00+05:45,11.446208318074545
14153368,2025-09-19 09:45:00+05:45,23.75566673278809
14153368,2025-09-19 10:45:00+05:45,24.41669448216756
14153368,2025-09-19 11:45:00+05:45,13.428500096003214
14153368,2025-09-19 12:45:00+05:45,7.781083305676778
14153368,2025-09-19 13:45:00+05:45,6.695500002966987
14153368,2025-09-19 14:45:00+05:45,10.383833368619284
14153368,2025-09-19 15:45:00+05:45,20.286582946777344
14153368,2025-09-19 16:45:00+05:45,20.080291748046875
14153368,2025-09-19 17:45:00+05:45,23.246999899546307
14153368,2025-09-19 18:45:00+05:45,38.612208207448326
14153368,2025-09-19 19:45:00+05:45,28.919416904449463
14153368,2025-09-19 20:45:00+05:45,24.01109727223714
14153368,2025-09-19 21:45:00+05:45,20.186347007751465
14153368,2025-09-19 22:45:00+05:45,16.415249745051067
14153368,2025-09-19 23:45:00+05:45,9.36900003751119
14153368,2025-09-20 00:45:00+05:45,6.748249967892964
14153368,2025-09-20 01:45:00+05:45,3.325125008821487
14153368,2025-09-20 02:45:00+05:45,2.1248333354791007
14153368,2025-09-20 03:45:00+05:45,12.336458623409271
14153368,2025-09-20 04:45:00+05:45,14.602291782697042
14153368,2025-09-20 05:45:00+05:45,5.888041655222575
14153368,2025-09-20 06:45:00+05:45,6.608291606108348
14153368,2025-09-20 07:45:00+05:45,20.417375087738037
14153368,2025-09-20 08:45:00+05:45,21.099708398183186
14153368,2025-09-20 09:45:00+05:45,10.419291655222574
14153368,2025-09-20 10:45:00+05:45,6.572166721026103
14153368,2025-09-20 11:45:00+05:45,7.46037483215332
14153368,2025-09-20 12:45:00+05:45,11.492166678110758
14153368,2025-09-20 13:45:00+05:45,6.445166667302449
14153368,2025-09-20 14:45:00+05:45,6.561708291371663
14153368,2025-09-20 15:45:00+05:45,8.752041618029276
14153368,2025-09-20 16:45:00+05:45,11.513833284378052
14153368,2025-09-20 17:45:00+05:45,16.40512498219808
14153368,2025-09-20 18:45:00+05:45,13.148958444595335
14153368,2025-09-20 19:45:00+05:45,14.566374937693276
14153368,2025-09-20 20:45:00+05:45,12.06808348496755
14153368,2025-09-20 21:45:00+05:45,9.813249945640564
14153368,2025-09-20 22:45:00+05:45,7.930666764577229
14153368,2025-09-20 23:45:00+05:45,6.441083391507466
14153368,2025-09-21 00:45:00+05:45,7.23729161421458
14153368,2025-09-21 01:45:00+05:45,10.51022219657898
14153368,2025-09-21 02:45:00+05:45,7.709222197532654
14153368,2025-09-21 03:45:00+05:45,2.444166660308838
14153368,2025-09-21 04:45:00+05:45,0.171541664438943
14153368,2025-09-21 05:45:00+05:45,0.8232499957084656
14153368,2025-09-21 06:45:00+05:45,3.16537500731647
14153368,2025-09-21 07:45:00+05:45,8.557541688283285
14153368,2025-09-21 08:45:00+05:45,9.27091677983602
14153368,2025-09-21 09:45:00+05:45,11.677208185195925
14153368,2025-09-21 10:45:00+05:45,19.98145818710327
14153368,2025-09-21 11:45:00+05:45,17.148963080512154
14153368,2025-09-21 12:45:00+05:45,3.0473610957463584
14153368,2025-09-21 13:45:00+05:45,2.145928587232317
14153368,2025-09-21 14:45:00+05:45,4.048250059286754
14153368,2025-09-21 15:45:00+05:45,8.885416706403097
14153368,2025-09-21 16:45:00+05:45,9.197375019391378
14153368,2025-09-21 17:45:00+05:45,9.436166644096376
14153368,2025-09-21 18:45:00+05:45,16.545819362004597
14153368,2025-09-21 19:45:00+05:45,24.43537489573161
14153368,2025-09-21 20:45:00+05:45,24.645875136057537
14153368,2025-09-21 21:45:00+05:45,25.1618332862854
14153368,2025-09-21 22:45:00+05:45,21.57984717686971
14153368,2025-09-21 23:45:00+05:45,19.346291542053223
14153368,2025-09-22 00:45:00+05:45,16.523263851801556
14153368,2025-09-22 01:45:00+05:45,17.187875191370647
14153368,2025-09-22 02:45:00+05:45,14.622874895731607
14153368,2025-09-22 03:45:00+05:45,12.569875081380207
14153368,2025-09-22 04:45:00+05:45,19.241124947865803
14153368,2025-09-22 05:45:00+05:45,23.386722246805828
14153368,2025-09-22 06:45:00+05:45,28.80204168955485
14153368,2025-09-22 07:45:00+05:45,35.11970822016398
14153368,2025-09-22 08:45:00+05:45,39.76224931081136
14153368,2025-09-22 09:45:00+05:45,34.653361002604164
14153368,2025-09-22 10:45:00+05:45,21.649458328882854
14153368,2025-09-22 11:45:00+05:45,10.444242390719326
14153368,2025-09-22 12:45:00+05:45,9.296208262443542
14153368,2025-09-22 13:45:00+05:45,10.392138878504436
14153368,2025-09-22 14:45:00+05:45,20.427624861399337
14153368,2025-09-22 15:45:00+05:45,13.186624884605408
14153368,2025-09-22 16:45:00+05:45,16.641375144322712
14153368,2025-09-22 17:45:00+05:45,21.63333336512248
14153368,2025-09-22 18:45:00+05:45,23.06420834859212
14153368,2025-09-22 19:45:00+05:45,20.627749919891357
14153368,2025-09-22 20:45:00+05:45,18.15437483787537
14153368,2025-09-22 21:45:00+05:45,17.20745841662089
14153368,2025-09-22 22:45:00+05:45,16.00937493642171
14153368,2025-09-22 23:45:00+05:45,17.6238751411438
14153368,2025-09-23 00:45:00+05:45,9.365166619420052
14153368,2025-09-23 01:45:00+05:45,2.085708312690258
14153368,2025-09-23 02:45:00+05:45,1.7947499851385753
14153368,2025-09-23 03:45:00+05:45,2.610833317041397
14153368,2025-09-23 04:45:00+05:45,5.162347237269084
14153368,2025-09-23 05:45:00+05:45,12.434041659037272
14153368,2025-09-23 06:45:00+05:45,20.5412499109904
14153368,2025-09-23 07:45:00+05:45,12.595866584777832
14153378,2025-09-19 04:45:00+05:45,9.33863882223765
14153378,2025-09-19 05:45:00+05:45,15.909666617711386
14153378,2025-09-19 06:45:00+05:45,22.21358331044515
14153378,2025-09-19 07:45:00+05:45,23.474249998728435
14153378,2025-09-19 08:45:00+05:45,20.88662513097127
14153378,2025-09-19 09:45:00+05:45,22.19206937154134
14153378,2025-09-19 10:45:00+05:45,30.712653001149494
14153378,2025-09-19 11:45:00+05:45,19.082236131032307
14153378,2025-09-19 12:45:00+05:45,12.986124992370604
14153378,2025-09-19 13:45:00+05:45,12.045583486557009
14153378,2025-09-19 14:45:00+05:45,12.264399909973145
14153378,2025-09-19 15:45:00+05:45,34.104966735839845
14153378,2025-09-19 16:45:00+05:45,38.057583014170326
14153378,2025-09-19 17:45:00+05:45,40.869208017985024
14153378,2025-09-19 18:45:00+05:45,38.75162506103515
14153378,2025-09-19 19:45:00+05:45,31.428666432698567
14153378,2025-09-19 20:45:00+05:45,27.13777764638265
14153378,2025-09-19 21:45:00+05:45,20.622666835784912
14153378,2025-09-19 22:45:00+05:45,17.431124965349834
14153378,2025-09-19 23:45:00+05:45,13.587750116984049
14153378,2025-09-20 00:45:00+05:45,8.216250022252401
14153378,2025-09-20 01:45:00+05:45,7.841833313306172
14153378,2025-09-20 02:45:00+05:45,17.659000118573505
14153378,2025-09-20 03:45:00+05:45,17.96484700838725
14153378,2025-09-20 04:45:00+05:45,18.86370809872945
14153378,2025-09-20 05:45:00+05:45,11.993888775507608
14153378,2025-09-20 06:45:00+05:45,30.966707865397137
14153378,2025-09-20 07:45:00+05:45,21.840916633605957
14153378,2025-09-20 08:45:00+05:45,24.67995834350586
14153378,2025-09-20 09:45:00+05:45,20.369208335876465
14153378,2025-09-20 10:45:00+05:45,9.214333295822144
14153378,2025-09-20 11:45:00+05:45,14.634069522221884
14153378,2025-09-20 12:45:00+05:45,18.33637499809265
14153378,2025-09-20 13:45:00+05:45,11.01454178492228
14153378,2025-09-20 14:45:00+05:45,15.410694519678753
14153378,2025-09-20 15:45:00+05:45,18.522583484649655
14153378,2025-09-20 16:45:00+05:45,20.475958188374836
14153378,2025-09-20 17:45:00+05:45,27.719791571299236
14153378,2025-09-20 18:45:00+05:45,26.772125085194904
14153378,2025-09-20 19:45:00+05:45,30.065374851226807
14153378,2025-09-20 20:45:00+05:45,35.79762490590414
14153378,2025-09-20 21:45:00+05:45,31.40262492497762
14153378,2025-09-20 22:45:00+05:45,27.872902870178223
14153378,2025-09-20 23:45:00+05:45,19.21862522761027
14153378,2025-09-21 00:45:00+05:45,21.883624871571858
14153378,2025-09-21 01:45:00+05:45,19.325374762217205
14153378,2025-09-21 02:45:00+05:45,19.078916867574055
14153378,2025-09-21 03:45:00+05:45,20.964569250742596
14153378,2025-09-21 04:45:00+05:45,16.562958280245464
14153378,2025-09-21 05:45:00+05:45,35.098041693369545
14153378,2025-09-21 06:45:00+05:45,17.64074981212616
14153378,2025-09-21 07:45:00+05:45,7.00315276781718
14153378,2025-09-21 08:45:00+05:45,12.234291712443031
14153378,2025-09-21 09:45:00+05:45,17.711541652679443
14153378,2025-09-21 10:45:00+05:45,13.469083229700724
14153378,2025-09-21 11:45:00+05:45,21.53150002161662
14153378,2025-09-21 12:45:00+05:45,17.968958218892414
14153378,2025-09-21 13:45:00+05:45,7.197291612625122
14153378,2025-09-22 04:45:00+05:45,29.0
14153378,2025-09-22 05:45:00+05:45,47.29744402567545
14153378,2025-09-22 06:45:00+05:45,35.42091703414917
14153378,2025-09-22 07:45:00+05:45,36.276540756225586
14153378,2025-09-22 08:45:00+05:45,43.06580511728922
14153378,2025-09-22 09:45:00+05:45,42.55304177602133
14153378,2025-09-22 10:45:00+05:45,27.699236075083416
14153378,2025-09-22 11:45:00+05:45,21.244930426279705
14153378,2025-09-22 12:45:00+05:45,16.46833340326945
14153378,2025-09-22 13:45:00+05:45,20.754708131154377
14153378,2025-09-22 14:45:00+05:45,27.739041805267338
14153378,2025-09-22 15:45:00+05:45,30.438708464304607
14153378,2025-09-22 16:45:00+05:45,32.2027915318807
14153378,2025-09-22 17:45:00+05:45,31.591041564941406
14153378,2025-09-22 18:45:00+05:45,39.29415273666382
14153378,2025-09-22 19:45:00+05:45,26.44237486521403
14153378,2025-09-22 20:45:00+05:45,27.9430414835612
14153378,2025-09-22 21:45:00+05:45,26.666166464487713
14153378,2025-09-22 22:45:00+05:45,24.696680386861164
14153378,2025-09-22 23:45:00+05:45,28.44455575942993
14153378,2025-09-23 00:45:00+05:45,32.6722084681193
14153378,2025-09-23 01:45:00+05:45,12.313513795534767
14153378,2025-09-23 02:45:00+05:45,8.83341666062673
14153378,2025-09-23 03:45:00+05:45,11.14900008837382
14153378,2025-09-23 04:45:00+05:45,15.65458353360494
14153378,2025-09-23 05:45:00+05:45,28.784305175145462
14153378,2025-09-23 06:45:00+05:45,32.40899976094564
14153378,2025-09-23 07:45:00+05:45,22.497694333394367
14153378,2025-09-23 08:45:00+05:45,23.75575017929077
14153378,2025-09-23 09:45:00+05:45,23.07379166285197
14153378,2025-09-23 10:45:00+05:45,22.05520820617676
14153378,2025-09-23 11:45:00+05:45,18.268513838450115
14153378,2025-09-23 12:45:00+05:45,24.208416779836018
14153378,2025-09-23 13:45:00+05:45,21.581652641296387
14153378,2025-09-23 14:45:00+05:45,16.6163334051768
14153378,2025-09-23 15:45:00+05:45,16.59162489573161
14153378,2025-09-23 16:45:00+05:45,34.06109698613485
14153378,2025-09-23 17:45:00+05:45,46.79602766036987
14153378,2025-09-23 18:45:00+05:45,37.35347207387289
14153378,2025-09-23 19:45:00+05:45,39.76490338643392
14153378,2025-09-23 20:45:00+05:45,38.709366989135745
14153378,2025-09-23 21:45:00+05:45,29.576083342234295
14153463,2025-09-19 04:45:00+05:45,9.265180428822836
14153463,2025-09-19 05:45:00+05:45,17.00308307011922
14153463,2025-09-19 06:45:00+05:45,23.36023600896199
14153463,2025-09-19 07:45:00+05:45,14.06041669845581
14153463,2025-09-19 08:45:00+05:45,14.677708427111307
14153463,2025-09-19 09:45:00+05:45,24.08074959119161
14153463,2025-09-19 10:45:00+05:45,19.67620857556661
14153463,2025-09-19 11:45:00+05:45,18.010722239812214
14153463,2025-09-19 12:45:00+05:45,10.503916700681051
14153463,2025-09-19 13:45:00+05:45,11.896833419799805
14153463,2025-09-19 14:45:00+05:45,16.03643051783244
14153463,2025-09-19 15:45:00+05:45,26.16379197438558
14153463,2025-09-19 16:45:00+05:45,19.07463876406352
14153463,2025-09-19 17:45:00+05:45,28.239041964213055
14153463,2025-09-19 18:45:00+05:45,24.98387495676677
14153463,2025-09-19 19:45:00+05:45,19.21233336130778
14153463,2025-09-19 20:45:00+05:45,16.135722398757935
14153463,2025-09-19 21:45:00+05:45,10.62333345413208
14153463,2025-09-19 22:45:00+05:45,10.105722149213156
14153463,2025-09-19 23:45:00+05:45,16.55738854408264
14153463,2025-09-20 00:45:00+05:45,7.537347277005513
14153463,2025-09-20 01:45:00+05:45,4.961000045140584
14153463,2025-09-20 02:45:00+05:45,3.8385277589162192
14153463,2025-09-20 03:45:00+05:45,4.326333324114482
14153463,2025-09-20 04:45:00+05:45,6.5767221848169966
14153463,2025-09-20 05:45:00+05:45,16.163833300272625
14153463,2025-09-20 06:45:00+05:45,26.691750049591064
14153463,2025-09-20 07:45:00+05:45,31.521583080291748
14153463,2025-09-20 08:45:00+05:45,34.439375241597496
14153463,2025-09-20 09:45:00+05:45,25.693291664123535
14153463,2025-09-20 10:45:00+05:45,12.146597305933634
14153463,2025-09-20 11:45:00+05:45,5.702999949455261
14153463,2025-09-20 12:45:00+05:45,4.301263948281606
14153463,2025-09-20 13:45:00+05:45,5.022833327452342
14153463,2025-09-20 14:45:00+05:45,6.50302775700887
14153463,2025-09-20 15:45:00+05:45,7.0700416167577105
14153463,2025-09-20 16:45:00+05:45,11.579916636149088
14153463,2025-09-20 17:45:00+05:45,18.5354167620341
14153463,2025-09-20 18:45:00+05:45,17.698833386103313
14153463,2025-09-20 19:45:00+05:45,12.93648632367452
14153463,2025-09-20 20:45:00+05:45,9.411708196004232
14153463,2025-09-20 21:45:00+05:45,8.802416682243347
14153463,2025-09-20 22:45:00+05:45,10.030166625976562
14153463,2025-09-20 23:45:00+05:45,12.463124990463257
14153463,2025-09-21 00:45:00+05:45,12.74631937344869
14153463,2025-09-21 01:45:00+05:45,16.495166540145874
14153463,2025-09-21 02:45:00+05:45,15.454819520314537
14153463,2025-09-21 03:45:00+05:45,15.326833407084148
14153463,2025-09-21 04:45:00+05:45,5.426458338896434
14153463,2025-09-21 05:45:00+05:45,3.1640000144640603
14153463,2025-09-21 06:45:00+05:45,7.419875045617421
14153463,2025-09-21 07:45:00+05:45,13.183428628104071
14153463,2025-09-21 08:45:00+05:45,7.829999923706055
14153463,2025-09-21 09:45:00+05:45,13.75989990234375
14153463,2025-09-21 10:45:00+05:45,11.322583436965942
14153463,2025-09-21 11:45:00+05:45,8.174000064531961
14153463,2025-09-21 12:45:00+05:45,15.12191685040792
14153463,2025-09-21 13:45:00+05:45,6.609569390614827
14153463,2025-09-21 14:45:00+05:45,6.086541811625163
14153463,2025-09-21 15:45:00+05:45,15.388708313306172
14153463,2025-09-21 16:45:00+05:45,27.712458451588947
14153463,2025-09-21 17:45:00+05:45,27.442625045776367
14153463,2025-09-21 18:45:00+05:45,30.692152976989743
14153463,2025-09-21 19:45:00+05:45,31.33050012588501
14153463,2025-09-21 20:45:00+05:45,29.619972070058186
14153463,2025-09-21 21:45:00+05:45,27.937250296274826
14153463,2025-09-21 22:45:00+05:45,26.16088883082072
14153463,2025-09-21 23:45:00+05:45,26.56024996439616
14153463,2025-09-22 00:45:00+05:45,25.6944580078125
14153463,2025-09-22 01:45:00+05:45,23.19000005722046
14153463,2025-09-22 02:45:00+05:45,22.705583413441975
14153463,2025-09-22 03:45:00+05:45,23.219791412353516
14153463,2025-09-22 04:45:00+05:45,25.740236123402912
14153463,2025-09-22 05:45:00+05:45,31.904513994852703
14153463,2025-09-22 06:45:00+05:45,37.48041661580404
14153463,2025-09-22 07:45:00+05:45,38.58025042215983
14153463,2025-09-22 08:45:00+05:45,35.41137504577637
14153463,2025-09-22 09:45:00+05:45,24.552486101786297
14153463,2025-09-22 10:45:00+05:45,23.102625052134197
14153463,2025-09-22 11:45:00+05:45,17.923750082651775
14153463,2025-09-22 12:45:00+05:45,17.579416910807293
14153463,2025-09-22 13:45:00+05:45,12.543208440144856
14153463,2025-09-22 14:45:00+05:45,11.295166651407875
14153463,2025-09-22 15:45:00+05:45,15.414208173751833
14153463,2025-09-22 16:45:00+05:45,28.432833353678387
14153463,2025-09-22 17:45:00+05:45,30.316096941630047
14153463,2025-09-22 18:45:00+05:45,26.29679155349731
14153463,2025-09-22 19:45:00+05:45,24.681833426157635
14153463,2025-09-22 20:45:00+05:45,25.30079205830892
14153463,2025-09-22 21:45:00+05:45,24.21066665649414
14153463,2025-09-22 22:45:00+05:45,22.319666862487793
14153463,2025-09-22 23:45:00+05:45,21.190499986921036
14153463,2025-09-23 00:45:00+05:45,23.083194255828857
14153463,2025-09-23 01:45:00+05:45,11.000374992688496
14153463,2025-09-23 02:45:00+05:45,6.562749981880188
14153463,2025-09-23 03:45:00+05:45,9.358708302179972
14153463,2025-09-23 04:45:00+05:45,15.216625054677328
14153463,2025-09-23 05:45:00+05:45,29.976333141326904
14153463,2025-09-23 06:45:00+05:45,27.882763862609863
14153463,2025-09-23 07:45:00+05:45,19.528697100552645
14573141,2025-11-07 10:45:00+05:45,37.27500033378601
14573141,2025-11-07 11:45:00+05:45,25.944444550408257
14573141,2025-11-07 12:45:00+05:45,25.50833336512248
14573141,2025-11-07 13:45:00+05:45,22.945833444595337
14573141,2025-11-07 14:45:00+05:45,23.84166685740153
14573141,2025-11-07 15:45:00+05:45,21.875
14573141,2025-11-07 16:45:00+05:45,22.91249990463257
14573141,2025-11-11 11:45:00+05:45,29.0
14573141,2025-11-11 12:45:00+05:45,32.336363705721766
14573141,2025-11-11 13:45:00+05:45,26.608333190282185
14573141,2025-11-11 14:45:00+05:45,28.59583314259847
14573141,2025-11-11 15:45:00+05:45,31.88333320617676
14573141,2025-11-11 16:45:00+05:45,36.69583296775818
14573141,2025-11-11 17:45:00+05:45,43.70000012715658
14573141,2025-11-11 18:45:00+05:45,63.029166062672935
14573141,2025-11-11 19:45:00+05:45,85.45000012715657
14573141,2025-11-11 20:45:00+05:45,85.23750019073486
14573141,2025-11-11 21:45:00+05:45,72.22916682561238
14573141,2025-11-11 22:45:00+05:45,52.391667207082115
14573141,2025-11-11 23:45:00+05:45,46.11249987284342
14573141,2025-11-12 00:45:00+05:45,40.42916695276896
14573141,2025-11-12 01:45:00+05:45,47.59166653951009
14573141,2025-11-12 02:45:00+05:45,36.141666889190674
14573141,2025-11-12 03:45:00+05:45,26.27916677792867
14573141,2025-11-12 04:45:00+05:45,22.954166809717815
14573141,2025-11-12 05:45:00+05:45,28.959999656677248
14573141,2025-11-13 08:45:00+05:45,56.66249942779541
14573141,2025-11-13 09:45:00+05:45,36.49583339691162
14573141,2025-11-13 11:45:00+05:45,32.112500031789146
14573141,2025-11-13 12:45:00+05:45,24.76818206093528
14573141,2025-11-13 13:45:00+05:45,17.59583322207133
14573141,2025-11-13 14:45:00+05:45,19.78750006357829
14573141,2025-11-13 15:45:00+05:45,25.136363896456633
14573141,2025-11-13 16:45:00+05:45,33.0708335240682
14573141,2025-11-13 17:45:00+05:45,37.09583361943563
14573141,2025-11-13 18:45:00+05:45,39.83750025431315
14573141,2025-11-13 19:45:00+05:45,38.65833314259847
14573141,2025-11-13 20:45:00+05:45,37.229166666666664
14573141,2025-11-13 21:45:00+05:45,35.608333587646484
14573141,2025-11-13 22:45:00+05:45,30.829166968663532
14573141,2025-11-13 23:45:00+05:45,29.766666730244953
14573141,2025-11-14 00:45:00+05:45,29.854166507720947
14573141,2025-11-14 01:45:00+05:45,32.58749953905741
14573141,2025-11-14 02:45:00+05:45,31.9291668732961
14573141,2025-11-14 03:45:00+05:45,34.277273351495914
14573141,2025-11-14 04:45:00+05:45,37.579167207082115
14573141,2025-11-14 05:45:00+05:45,38.699999968210854
14573141,2025-11-14 07:45:00+05:45,55.070833365122475
14573141,2025-11-14 08:45:00+05:45,64.86249987284343
14573141,2025-11-14 09:45:00+05:45,61.47916634877523
14573141,2025-11-14 18:45:00+05:45,51.23750034968058
14573141,2025-11-14 19:45:00+05:45,55.80833355585734
14573141,2025-11-14 20:45:00+05:45,52.26666657129923
14573141,2025-11-14 21:45:00+05:45,44.19166628519694
14573141,2025-11-14 22:45:00+05:45,40.71250009536743
14573141,2025-11-14 23:45:00+05:45,39.78333330154419
14573141,2025-11-15 00:45:00+05:45,39.42499987284342
14573141,2025-11-15 01:45:00+05:45,40.12083355585734
14573141,2025-11-15 02:45:00+05:45,39.87083292007446
14573141,2025-11-15 03:45:00+05:45,41.425000031789146
14573141,2025-11-15 04:45:00+05:45,45.22272699529474
14573141,2025-11-15 05:45:00+05:45,47.78333330154419
14573141,2025-11-15 06:45:00+05:45,60.4454552043568
14573141,2025-11-15 07:45:00+05:45,62.91666634877523
14573141,2025-11-15 08:45:00+05:45,54.895833810170494
14573141,2025-11-15 09:45:00+05:45,53.40833361943563
14573141,2025-11-15 10:45:00+05:45,36.56250015894572
14573141,2025-11-15 11:45:00+05:45,33.69583264986674
14573141,2025-11-15 12:45:00+05:45,35.95416704813639
14573141,2025-11-15 13:45:00+05:45,33.97499998410543
14573141,2025-11-15 14:45:00+05:45,31.32083320617676
14573141,2025-11-15 15:45:00+05:45,37.74583339691162
14573141,2025-11-15 16:45:00+05:45,36.82916736602783
14573141,2025-11-15 17:45:00+05:45,37.858333110809326
14573141,2025-11-15 18:45:00+05:45,42.02083365122477
14573141,2025-11-15 19:45:00+05:45,46.12916692097982
14573141,2025-11-15 20:45:00+05:45,41.875
14573141,2025-11-15 21:45:00+05:45,38.77083285649618
14573141,2025-11-15 22:45:00+05:45,35.80416679382324
14573141,2025-11-15 23:45:00+05:45,33.433332999547325
14573141,2025-11-16 00:45:00+05:45,31.641666412353516
14573141,2025-11-16 01:45:00+05:45,32.962499936421715
14573141,2025-11-16 02:45:00+05:45,35.22083314259847
14573141,2025-11-16 03:45:00+05:45,36.90833361943563
14573141,2025-11-16 04:45:00+05:45,39.68333339691162
14573141,2025-11-16 05:45:00+05:45,45.649999936421715
14573141,2025-11-16 06:45:00+05:45,50.96666669845581
14573141,2025-11-16 07:45:00+05:45,54.90833361943563
14573141,2025-11-16 09:45:00+05:45,48.09999990463257
14573141,2025-11-16 10:45:00+05:45,38.23750019073486
14573141,2025-11-16 11:45:00+05:45,32.28750014305115
14573141,2025-11-16 12:45:00+05:45,32.987499713897705
14573141,2025-11-16 13:45:00+05:45,30.80833315849304
14573141,2025-11-16 14:45:00+05:45,35.52727274461226
14573141,2025-11-16 15:45:00+05:45,33.01666673024496
14573141,2025-11-16 16:45:00+05:45,37.07916673024496
14573141,2025-11-16 17:45:00+05:45,40.66666650772095
14573141,2025-11-16 18:45:00+05:45,47.84166685740153
14573141,2025-11-16 19:45:00+05:45,49.44583304723104
14153453,2025-09-19 04:45:00+05:45,10.204166730244957
14153453,2025-09-19 05:45:00+05:45,16.012499968210857
14153453,2025-09-19 06:45:00+05:45,22.125
14153453,2025-09-19 07:45:00+05:45,13.237499992052712
14153453,2025-09-19 08:45:00+05:45,13.670833110809326
14153453,2025-09-19 09:45:00+05:45,22.458333174387615
14153453,2025-09-19 10:45:00+05:45,18.466666380564373
14153453,2025-09-19 11:45:00+05:45,17.99090931632302
14153453,2025-09-19 12:45:00+05:45,8.420833388964335
14153453,2025-09-19 13:45:00+05:45,9.766666809717814
14153453,2025-09-19 14:45:00+05:45,15.020833333333334
14153453,2025-09-19 15:45:00+05:45,26.225000143051147
14153453,2025-09-19 16:45:00+05:45,18.12499992052714
14153453,2025-09-19 17:45:00+05:45,28.46666669845581
14153453,2025-09-19 18:45:00+05:45,24.35000022252401
14153453,2025-09-19 19:45:00+05:45,18.987499952316284
14153453,2025-09-19 20:45:00+05:45,16.041666507720947
14153453,2025-09-19 21:45:00+05:45,11.041666507720947
14153453,2025-09-19 22:45:00+05:45,10.37083331743876
14153453,2025-09-19 23:45:00+05:45,16.137500047683716
14153453,2025-09-20 00:45:00+05:45,8.162500023841858
14153453,2025-09-20 01:45:00+05:45,5.062500019868215
14153453,2025-09-20 02:45:00+05:45,3.799999952316284
14153453,2025-09-20 03:45:00+05:45,4.512500087420146
14153453,2025-09-20 04:45:00+05:45,6.904166618982951
14153453,2025-09-20 05:45:00+05:45,14.916666746139526
14153453,2025-09-20 06:45:00+05:45,25.333333174387615
14153453,2025-09-20 07:45:00+05:45,29.21818143671209
14153453,2025-09-20 08:45:00+05:45,33.30833307902018
14153453,2025-09-20 09:45:00+05:45,25.012499968210857
14153453,2025-09-20 10:45:00+05:45,11.362500031789144
14153453,2025-09-20 11:45:00+05:45,5.479166666666667
14153453,2025-09-20 12:45:00+05:45,4.025000015894572
14153453,2025-09-20 13:45:00+05:45,4.77916665871938
14153453,2025-09-20 14:45:00+05:45,6.125
14153453,2025-09-20 15:45:00+05:45,7.200000087420146
14153453,2025-09-20 16:45:00+05:45,11.420833349227903
14153453,2025-09-20 17:45:00+05:45,17.991666793823242
14153453,2025-09-20 18:45:00+05:45,15.295833190282186
14153453,2025-09-20 19:45:00+05:45,12.179166714350382
14153453,2025-09-20 20:45:00+05:45,9.904166460037231
14153453,2025-09-20 21:45:00+05:45,8.816666722297668
14153453,2025-09-20 22:45:00+05:45,10.162499904632568
14153453,2025-09-20 23:45:00+05:45,12.104166587193808
14153453,2025-09-21 00:45:00+05:45,12.554166396458944
14153453,2025-09-21 01:45:00+05:45,15.96666669845581
14153453,2025-09-21 02:45:00+05:45,15.954166730244957
14153453,2025-09-21 03:45:00+05:45,15.454166491826376
14153453,2025-09-21 04:45:00+05:45,5.808333237965901
14153453,2025-09-21 05:45:00+05:45,2.8499999940395355
14153453,2025-09-21 06:45:00+05:45,6.640909064899791
14153453,2025-09-21 07:45:00+05:45,9.983333428700766
14153453,2025-09-21 08:45:00+05:45,7.541666666666667
14153453,2025-09-21 09:45:00+05:45,10.559091047807174
14153453,2025-09-21 10:45:00+05:45,10.97083330154419
14153453,2025-09-21 11:45:00+05:45,7.90833334128062
14153453,2025-09-21 12:45:00+05:45,14.24999976158142
14153453,2025-09-21 13:45:00+05:45,5.837499936421712
14153453,2025-09-21 14:45:00+05:45,5.929166674613953
14153453,2025-09-21 15:45:00+05:45,14.237499833106996
14153453,2025-09-21 16:45:00+05:45,27.21666685740153
14153453,2025-09-21 17:45:00+05:45,26.054166475931805
14153453,2025-09-21 18:45:00+05:45,30.633333524068195
14153453,2025-09-21 19:45:00+05:45,31.02499993642171
14153453,2025-09-21 20:45:00+05:45,29.21249977747599
14153453,2025-09-21 21:45:00+05:45,27.945833047231037
14153453,2025-09-21 22:45:00+05:45,25.862500349680584
14153453,2025-09-21 23:45:00+05:45,25.862500031789143
14153453,2025-09-22 00:45:00+05:45,25.066666920979817
14153453,2025-09-22 01:45:00+05:45,22.64999993642171
14153453,2025-09-22 02:45:00+05:45,22.479166666666668
14153453,2025-09-22 03:45:00+05:45,23.137500286102295
14153453,2025-09-22 04:45:00+05:45,25.31666660308838
14153453,2025-09-22 05:45:00+05:45,31.99999984105428
14153453,2025-09-22 06:45:00+05:45,37.68750031789144
14153453,2025-09-22 07:45:00+05:45,37.47916603088379
14153453,2025-09-22 08:45:00+05:45,34.62916660308838
14153453,2025-09-22 09:45:00+05:45,22.90416685740153
14153453,2025-09-22 10:45:00+05:45,22.241666952768963
14153453,2025-09-22 11:45:00+05:45,16.037500222524006
14153453,2025-09-22 12:45:00+05:45,16.112499952316284
14153453,2025-09-22 13:45:00+05:45,12.179166634877523
14153453,2025-09-22 14:45:00+05:45,11.741666714350382
14153453,2025-09-22 15:45:00+05:45,14.654166380564371
14153453,2025-09-22 16:45:00+05:45,27.891666412353516
14153453,2025-09-22 17:45:00+05:45,29.96250009536743
14153453,2025-09-22 18:45:00+05:45,26.06250015894572
14153453,2025-09-22 19:45:00+05:45,24.027272484519266
14153453,2025-09-22 20:45:00+05:45,24.8125
14153453,2025-09-22 21:45:00+05:45,23.40416669845581
14153453,2025-09-22 22:45:00+05:45,21.62500015894572
14153453,2025-09-22 23:45:00+05:45,20.31666660308838
14153453,2025-09-23 00:45:00+05:45,21.81249984105428
14153453,2025-09-23 01:45:00+05:45,11.416666587193808
14153453,2025-09-23 02:45:00+05:45,7.108333230018616
14153453,2025-09-23 03:45:00+05:45,10.191666762034098
14153453,2025-09-23 04:45:00+05:45,15.020833571751911
14153453,2025-09-23 05:45:00+05:45,30.66250006357829
14153453,2025-09-23 06:45:00+05:45,27.379166920979817
14153453,2025-09-23 07:45:00+05:45,17.22083322207133
14327494,2025-10-09 11:45:00+05:45,7.882666665536386
14327494,2025-10-09 12:45:00+05:45,6.494124992688497
14327494,2025-10-09 13:45:00+05:45,8.60723610719045
14327494,2025-10-09 14:45:00+05:45,13.141208322842916
14327494,2025-10-09 15:45:00+05:45,17.15661110877991
14327494,2025-10-09 16:45:00+05:45,21.551666667726305
14327494,2025-10-09 17:45:00+05:45,24.168499994277955
14327494,2025-10-09 18:45:00+05:45,16.082763891749913
14327494,2025-10-09 19:45:00+05:45,11.21449999809265
14327494,2025-10-09 20:45:00+05:45,17.351625005404156
14327494,2025-10-09 21:45:00+05:45,21.469583336512244
14327494,2025-10-09 22:45:00+05:45,23.161583349439834
14327494,2025-10-09 23:45:00+05:45,21.602833334604895
14327494,2025-10-10 00:45:00+05:45,21.63254166444143
14327494,2025-10-10 01:45:00+05:45,21.938333336512247
14327494,2025-10-10 02:45:00+05:45,22.99037500222524
14327494,2025-10-10 03:45:00+05:45,22.72568056583405
14327494,2025-10-10 04:45:00+05:45,30.86558315753936
14327494,2025-10-10 05:45:00+05:45,34.83520844777426
14327494,2025-10-10 06:45:00+05:45,36.39156969918145
14327494,2025-10-10 07:45:00+05:45,41.5212916692098
14327494,2025-10-10 08:45:00+05:45,46.29444482591416
14327494,2025-10-10 09:45:00+05:45,46.79808362325033
14327494,2025-10-10 10:45:00+05:45,17.933583188056947
14327494,2025-10-10 11:45:00+05:45,4.955624996291267
14327494,2025-10-10 12:45:00+05:45,5.02306945323944
14327494,2025-10-10 13:45:00+05:45,12.837138901816472
14327494,2025-10-10 14:45:00+05:45,10.017694452073838
14327494,2025-10-10 15:45:00+05:45,10.569388887617324
14327494,2025-10-10 16:45:00+05:45,17.152250003814697
14327494,2025-10-10 17:45:00+05:45,10.979069442219204
14327494,2025-10-10 18:45:00+05:45,10.459486111005146
14327494,2025-10-10 19:45:00+05:45,16.347402792506745
14327494,2025-10-10 20:45:00+05:45,30.03479177951813
14327494,2025-10-10 21:45:00+05:45,22.616999991734826
14327494,2025-10-10 22:45:00+05:45,22.186916669209797
14327494,2025-10-10 23:45:00+05:45,22.98749999470181
14327494,2025-10-11 00:45:00+05:45,23.80625
14327494,2025-10-11 01:45:00+05:45,21.453583330578272
14327494,2025-10-11 02:45:00+05:45,19.630097227626376
14327494,2025-10-11 03:45:00+05:45,23.362083355585735
14327494,2025-10-11 04:45:00+05:45,33.24037495454152
14327494,2025-10-11 05:45:00+05:45,37.36791677474976
14327494,2025-10-11 06:45:00+05:45,39.33733342488607
14327494,2025-10-11 07:45:00+05:45,43.58491668701172
14327494,2025-10-11 08:45:00+05:45,42.420444658067495
14327494,2025-10-11 09:45:00+05:45,28.432374858856203
14327494,2025-10-11 10:45:00+05:45,3.2065833340088528
14327494,2025-10-11 11:45:00+05:45,3.185291677713394
14327494,2025-10-11 12:45:00+05:45,3.686083332697551
14327494,2025-10-11 13:45:00+05:45,6.391416660944621
14327494,2025-10-11 14:45:00+05:45,15.371541666984555
14327494,2025-10-11 15:45:00+05:45,20.790888881683347
14327494,2025-10-11 17:45:00+05:45,27.217930528852676
14327494,2025-10-11 18:45:00+05:45,32.996777998076546
14327494,2025-10-11 19:45:00+05:45,35.35379139582316
14327494,2025-10-11 20:45:00+05:45,34.79609745873345
14327494,2025-10-11 21:45:00+05:45,34.78916676839192
14327494,2025-10-11 22:45:00+05:45,34.560388851165776
14327494,2025-10-11 23:45:00+05:45,36.061596955193416
14327494,2025-10-12 00:45:00+05:45,36.271416727701826
14327494,2025-10-12 01:45:00+05:45,34.19298595852322
14327494,2025-10-12 02:45:00+05:45,34.17704178492229
14327494,2025-10-12 03:45:00+05:45,33.6524860408571
14327494,2025-10-12 04:45:00+05:45,38.141041628519694
14327494,2025-10-12 05:45:00+05:45,44.58233350118002
14327494,2025-10-12 06:45:00+05:45,45.38608334859211
14327494,2025-10-12 07:45:00+05:45,50.254319233364534
14327494,2025-10-12 08:45:00+05:45,51.14379126230876
14327494,2025-10-12 09:45:00+05:45,46.655124855041514
14327494,2025-10-12 10:45:00+05:45,37.78473584916856
14327494,2025-10-12 11:45:00+05:45,24.720499984423316
14327494,2025-10-12 12:45:00+05:45,17.87545828819275
14327494,2025-10-12 13:45:00+05:45,16.048930597305297
14327494,2025-10-12 14:45:00+05:45,19.145013891326055
14327494,2025-10-12 15:45:00+05:45,23.90866665840149
14327494,2025-10-12 16:45:00+05:45,25.7167916642295
14327494,2025-10-12 17:45:00+05:45,20.883958315849306
14327494,2025-10-12 18:45:00+05:45,18.202583328882856
14327494,2025-10-12 19:45:00+05:45,29.05216679573059
14327494,2025-10-12 20:45:00+05:45,32.64873616960313
14327494,2025-10-12 21:45:00+05:45,30.69897221989102
14327494,2025-10-12 22:45:00+05:45,29.962263947063025
14327494,2025-10-12 23:45:00+05:45,29.714777819315596
14327494,2025-10-13 00:45:00+05:45,30.372472265031604
14327494,2025-10-13 01:45:00+05:45,28.61795833110809
14327494,2025-10-13 02:45:00+05:45,29.694999957084654
14327494,2025-10-13 03:45:00+05:45,32.97612505753835
14327494,2025-10-13 04:45:00+05:45,39.504082997639976
14327494,2025-10-13 05:45:00+05:45,47.29970849355062
14327494,2025-10-13 06:45:00+05:45,45.357208061218266
14327494,2025-10-13 07:45:00+05:45,44.731166712443034
14327494,2025-10-13 08:45:00+05:45,44.22133344014485
14327494,2025-10-13 09:45:00+05:45,38.31524993578593
14327494,2025-10-13 10:45:00+05:45,29.718666609128316
14327494,2025-10-13 11:45:00+05:45,21.21108332210117
14327494,2025-10-13 12:45:00+05:45,17.84263890054491
14327494,2025-10-13 13:45:00+05:45,23.689777837859257
14327494,2025-10-13 14:45:00+05:45,27.317541670799255
14327494,2025-10-13 15:45:00+05:45,27.11663892004225
14327776,2025-10-09 12:45:00+05:45,20.09452380225772
14327776,2025-10-09 13:45:00+05:45,13.019486112064785
14327776,2025-10-09 14:45:00+05:45,16.050374992688496
14327776,2025-10-09 15:45:00+05:45,21.218541667196487
14327776,2025-10-10 10:45:00+05:45,36.08950010027205
14327776,2025-10-10 11:45:00+05:45,17.349138932757906
14327776,2025-10-10 12:45:00+05:45,4.41924999554952
14327776,2025-10-10 13:45:00+05:45,4.618430553542243
14327776,2025-10-10 14:45:00+05:45,5.623208355903626
14327776,2025-10-10 15:45:00+05:45,8.69137500921885
14327776,2025-10-10 16:45:00+05:45,10.367222208446924
14327776,2025-10-10 17:45:00+05:45,24.917083379957415
14327776,2025-10-10 18:45:00+05:45,25.90926392608219
14327776,2025-10-10 19:45:00+05:45,29.73516670068105
14327776,2025-10-10 20:45:00+05:45,28.13770830631256
14327776,2025-10-10 21:45:00+05:45,16.5767638762792
14327776,2025-10-10 22:45:00+05:45,5.864152783817715
14327776,2025-10-10 23:45:00+05:45,5.317194451226129
14327776,2025-10-11 00:45:00+05:45,4.629458318816291
14327776,2025-10-11 01:45:00+05:45,7.718708332379659
14327776,2025-10-11 02:45:00+05:45,10.13462499777476
14327776,2025-10-11 03:45:00+05:45,8.396333328882852
14327776,2025-10-11 04:45:00+05:45,13.454875000317893
14327776,2025-10-11 05:45:00+05:45,21.742972230911253
14327776,2025-10-11 06:45:00+05:45,32.6074998776118
14327776,2025-10-11 07:45:00+05:45,35.04943013721042
14327776,2025-10-11 08:45:00+05:45,33.527819294399684
14327776,2025-10-11 09:45:00+05:45,34.20536128150092
14327776,2025-10-11 10:45:00+05:45,19.265208379427595
14327776,2025-10-11 11:45:00+05:45,7.726291664441426
14327776,2025-10-11 12:45:00+05:45,7.586791682243347
14327776,2025-10-11 13:45:00+05:45,7.419236127535502
14327776,2025-10-11 14:45:00+05:45,12.37591666115655
14327776,2025-10-11 15:45:00+05:45,20.69298610422346
14327776,2025-10-11 17:45:00+05:45,34.66513871086968
14327776,2025-10-11 18:45:00+05:45,34.83827756245931
14327776,2025-10-11 19:45:00+05:45,43.05420831044515
14327776,2025-10-11 20:45:00+05:45,30.8559308052063
14327776,2025-10-11 21:45:00+05:45,23.654458340009057
14327776,2025-10-11 22:45:00+05:45,22.729124999046324
14327776,2025-10-11 23:45:00+05:45,25.38170834382375
14327776,2025-10-12 00:45:00+05:45,21.53012500603994
14327776,2025-10-12 01:45:00+05:45,18.571041666136846
14327776,2025-10-12 02:45:00+05:45,21.160291663805644
14327776,2025-10-12 03:45:00+05:45,25.502833318710326
14327776,2025-10-12 04:45:00+05:45,29.457500012715656
14327776,2025-10-12 05:45:00+05:45,38.63641712665557
14327776,2025-10-12 06:45:00+05:45,41.4266668955485
14327776,2025-10-12 07:45:00+05:45,40.2989585240682
14327776,2025-10-12 08:45:00+05:45,45.89129136403401
14327776,2025-10-12 09:45:00+05:45,35.801583647727966
14327776,2025-10-12 10:45:00+05:45,24.193583329518635
14327776,2025-10-12 11:45:00+05:45,24.052499993642172
14327776,2025-10-12 12:45:00+05:45,30.484083392884997
14327776,2025-10-12 13:45:00+05:45,23.481541673342388
14327776,2025-10-12 14:45:00+05:45,22.58730556170146
14327776,2025-10-12 15:45:00+05:45,23.820569438404505
14327776,2025-10-12 16:45:00+05:45,29.86391682624816
14327776,2025-10-12 17:45:00+05:45,32.365541426340734
14327776,2025-10-12 18:45:00+05:45,29.541416597366332
14327776,2025-10-12 19:45:00+05:45,32.66066652139028
14327776,2025-10-12 20:45:00+05:45,44.31754156748454
14327776,2025-10-12 21:45:00+05:45,31.651458422342937
14327776,2025-10-12 22:45:00+05:45,27.3912916580836
14327776,2025-10-12 23:45:00+05:45,27.149708326657613
14327776,2025-10-13 00:45:00+05:45,30.5818750222524
14327776,2025-10-13 01:45:00+05:45,30.33127780490452
14327776,2025-10-13 02:45:00+05:45,32.608541480700175
14327776,2025-10-13 03:45:00+05:45,33.43331917391883
14327776,2025-10-13 04:45:00+05:45,33.867000039418535
14327776,2025-10-13 05:45:00+05:45,36.279597494337295
14327776,2025-10-13 06:45:00+05:45,42.49787502288819
14327776,2025-10-13 07:45:00+05:45,40.08937511444092
14327776,2025-10-13 08:45:00+05:45,41.99855571322971
14327776,2025-10-13 09:45:00+05:45,32.37799980640411
14327776,2025-10-13 10:45:00+05:45,31.169727221402255
14327776,2025-10-13 11:45:00+05:45,27.933875012397767
14327776,2025-10-13 12:45:00+05:45,27.038291668891905
14327776,2025-10-13 13:45:00+05:45,24.116566670735676
14327776,2025-10-13 14:45:00+05:45,24.17488889694214
14327776,2025-10-13 15:45:00+05:45,27.168583334816827
14327776,2025-10-13 16:45:00+05:45,36.61154146194458
14327776,2025-10-13 17:45:00+05:45,36.5214584350586
14327776,2025-10-13 18:45:00+05:45,42.388888888888886
14327776,2025-10-13 19:45:00+05:45,46.855416742960614
14327776,2025-10-13 20:45:00+05:45,38.83691698710123
14327776,2025-10-13 21:45:00+05:45,31.474250149726867
14327776,2025-10-13 22:45:00+05:45,31.144624884923303
14327776,2025-10-13 23:45:00+05:45,35.21016680399577
14327776,2025-10-14 00:45:00+05:45,33.74741648038229
14327776,2025-10-14 01:45:00+05:45,34.99599990844727
14327776,2025-10-14 02:45:00+05:45,35.6206806394789
14327776,2025-10-14 03:45:00+05:45,37.59473633236356
14327776,2025-10-14 04:45:00+05:45,39.13850021362305
14327776,2025-10-14 05:45:00+05:45,38.888750076293945
14327776,2025-10-14 06:45:00+05:45,48.21147227817111
14327776,2025-10-14 07:45:00+05:45,53.432444805569126
14327776,2025-10-14 08:45:00+05:45,46.877916971842446
14327776,2025-10-14 09:45:00+05:45,31.933583331108093
14327776,2025-10-14 10:45:00+05:45,27.30345833301544
14335684,2025-10-10 11:45:00+05:45,9.36345238004412
14335684,2025-10-10 12:45:00+05:45,4.721222225824992
14335684,2025-10-10 13:45:00+05:45,3.987999979654948
14335684,2025-10-10 14:45:00+05:45,5.123249991734823
14335684,2025-10-10 15:45:00+05:45,6.66916667620341
14335684,2025-10-10 16:45:00+05:45,10.0351111041175
14335684,2025-10-10 17:45:00+05:45,24.80066669782003
14335684,2025-10-10 18:45:00+05:45,26.124458352724712
14335684,2025-10-10 19:45:00+05:45,30.246791632970172
14335684,2025-10-10 20:45:00+05:45,23.20579167207082
14335684,2025-10-10 21:45:00+05:45,21.51745836734771
14335684,2025-10-10 22:45:00+05:45,11.541874994171993
14335684,2025-10-10 23:45:00+05:45,6.321736115879482
14335684,2025-10-11 00:45:00+05:45,7.144166670905219
14335684,2025-10-11 01:45:00+05:45,5.483569439252217
14335684,2025-10-11 02:45:00+05:45,8.441583331425983
14335684,2025-10-11 03:45:00+05:45,10.825333325068156
14335684,2025-10-11 04:45:00+05:45,21.37227774196201
14335684,2025-10-11 05:45:00+05:45,29.64587499300639
14335684,2025-10-11 06:45:00+05:45,35.2697918176651
14335684,2025-10-11 07:45:00+05:45,34.73049971262614
14335684,2025-10-11 08:45:00+05:45,35.19337479273478
14335684,2025-10-11 09:45:00+05:45,36.862000147501625
14335684,2025-10-11 10:45:00+05:45,18.686888938479953
14335684,2025-10-11 11:45:00+05:45,8.34283332824707
14335684,2025-10-11 12:45:00+05:45,8.10680554707845
14335684,2025-10-11 13:45:00+05:45,8.361625059445698
14335684,2025-10-11 14:45:00+05:45,79.14551390541924
14335684,2025-10-11 15:45:00+05:45,35.67337477207184
14335684,2025-10-11 17:45:00+05:45,42.304416767756145
14335684,2025-10-11 18:45:00+05:45,46.65454184214274
14335684,2025-10-11 19:45:00+05:45,41.01211081610785
14335684,2025-10-11 20:45:00+05:45,32.62441657384237
14335684,2025-10-11 21:45:00+05:45,24.656791615486146
14335684,2025-10-11 22:45:00+05:45,35.13141661485036
14335684,2025-10-11 23:45:00+05:45,49.497791719436655
14335684,2025-10-12 00:45:00+05:45,51.59670817057293
14335684,2025-10-12 01:45:00+05:45,29.73724993864695
14335684,2025-10-12 02:45:00+05:45,16.619458333651224
14335684,2025-10-12 03:45:00+05:45,23.137513873312212
14335684,2025-10-12 04:45:00+05:45,27.743875034650173
14335684,2025-10-12 05:45:00+05:45,40.7317502339681
14335684,2025-10-12 06:45:00+05:45,47.77920843760172
14335684,2025-10-12 07:45:00+05:45,45.326208432515465
14335684,2025-10-12 08:45:00+05:45,47.49991671244303
14335684,2025-10-12 09:45:00+05:45,39.58208335240682
14335684,2025-10-12 10:45:00+05:45,30.135166517893477
14335684,2025-10-12 11:45:00+05:45,23.714249992370608
14335684,2025-10-12 12:45:00+05:45,30.752749906645885
14335684,2025-10-12 13:45:00+05:45,21.209083334604895
14335684,2025-10-12 14:45:00+05:45,21.661875001589458
14335684,2025-10-12 15:45:00+05:45,24.799097217453852
14335684,2025-10-12 16:45:00+05:45,30.000430570708374
14335684,2025-10-12 17:45:00+05:45,31.937722195519346
14335684,2025-10-12 18:45:00+05:45,29.94804170926412
14335684,2025-10-12 19:45:00+05:45,38.40529181162516
14335684,2025-10-12 20:45:00+05:45,34.8750831524531
14335684,2025-10-12 21:45:00+05:45,32.602083484331764
14335684,2025-10-12 22:45:00+05:45,27.911083274417457
14335684,2025-10-12 23:45:00+05:45,27.21050000190735
14335684,2025-10-13 00:45:00+05:45,26.82537498209212
14335684,2025-10-13 01:45:00+05:45,27.36872219509549
14335684,2025-10-13 02:45:00+05:45,27.41397221883138
14335684,2025-10-13 03:45:00+05:45,30.31220830281575
14335684,2025-10-13 04:45:00+05:45,37.11690290239122
14335684,2025-10-13 05:45:00+05:45,44.079041481018066
14335684,2025-10-13 06:45:00+05:45,48.80720856984457
14335684,2025-10-13 07:45:00+05:45,44.64337520599364
14335684,2025-10-13 08:45:00+05:45,49.28001393212213
14335684,2025-10-13 09:45:00+05:45,31.800916465123493
14335684,2025-10-13 10:45:00+05:45,29.730555378066168
14335684,2025-10-13 11:45:00+05:45,31.2345973306232
14335684,2025-10-13 12:45:00+05:45,25.9035694360733
14335684,2025-10-13 13:45:00+05:45,20.998402778307597
14335684,2025-10-13 14:45:00+05:45,22.672694439358175
14335684,2025-10-13 15:45:00+05:45,27.080986105071172
14335684,2025-10-13 16:45:00+05:45,29.013208333651225
14335684,2025-10-13 17:45:00+05:45,39.53158315817515
14335684,2025-10-13 18:45:00+05:45,80.09141680399577
14335684,2025-10-13 19:45:00+05:45,43.613819609748
14335684,2025-10-13 20:45:00+05:45,47.3254858440823
14335684,2025-10-13 21:45:00+05:45,60.9369166056315
14335684,2025-10-13 22:45:00+05:45,53.73308326403301
14335684,2025-10-13 23:45:00+05:45,66.2007916132609
14335684,2025-10-14 00:45:00+05:45,57.446749909718825
14335684,2025-10-14 01:45:00+05:45,56.895083363850915
14335684,2025-10-14 02:45:00+05:45,39.88254172007243
14335684,2025-10-14 03:45:00+05:45,33.901416333516444
14335684,2025-10-14 04:45:00+05:45,36.29741665522257
14335684,2025-10-14 05:45:00+05:45,41.76001398298475
14335684,2025-10-14 06:45:00+05:45,47.65906942155627
14335684,2025-10-14 07:45:00+05:45,48.86722242567274
14335684,2025-10-14 08:45:00+05:45,46.195166524251306
14335684,2025-10-14 09:45:00+05:45,32.9967635260688
14335684,2025-10-14 10:45:00+05:45,28.621291661262507
14335684,2025-10-14 11:45:00+05:45,25.52780554559496
14335684,2025-10-14 12:45:00+05:45,27.719819490114848
14335684,2025-10-14 13:45:00+05:45,37.30855559243096
14335684,2025-10-14 14:45:00+05:45,46.91704184214274
14335684,2025-10-14 15:45:00+05:45,37.86841684977214
14362965,2025-10-13 09:45:00+05:45,31.06249976158142
14362965,2025-10-13 10:45:00+05:45,30.80233332051171
14362965,2025-10-13 11:45:00+05:45,28.414569377899166
14362965,2025-10-13 12:45:00+05:45,22.03373610973358
14362965,2025-10-13 13:45:00+05:45,18.879083336724175
14362965,2025-10-13 14:45:00+05:45,21.10729165871938
14362965,2025-10-13 15:45:00+05:45,25.817124994595844
14362965,2025-10-13 16:45:00+05:45,29.501916710535685
14362965,2025-10-13 17:45:00+05:45,32.77756963835822
14362965,2025-10-13 18:45:00+05:45,37.193527899848085
14362965,2025-10-13 19:45:00+05:45,37.06604162851969
14362965,2025-10-13 20:45:00+05:45,37.06062488555908
14362965,2025-10-13 21:45:00+05:45,37.31427756415473
14362965,2025-10-13 22:45:00+05:45,33.847583484649654
14362965,2025-10-13 23:45:00+05:45,32.92933324972788
14362965,2025-10-14 00:45:00+05:45,33.314416972796124
14362965,2025-10-14 01:45:00+05:45,31.875347042083735
14362965,2025-10-14 02:45:00+05:45,34.714125212033586
14362965,2025-10-14 03:45:00+05:45,34.0449444770813
14362965,2025-10-14 04:45:00+05:45,35.893666712443036
14362965,2025-10-14 05:45:00+05:45,46.75829181671142
14362965,2025-10-14 06:45:00+05:45,47.788625144958495
14362965,2025-10-14 07:45:00+05:45,47.19397248162164
14362965,2025-10-14 08:45:00+05:45,47.53136105007596
14362965,2025-10-14 09:45:00+05:45,34.8438473727968
14362965,2025-10-14 10:45:00+05:45,27.3927916765213
14362965,2025-10-14 11:45:00+05:45,26.66394444571601
14362965,2025-10-14 12:45:00+05:45,25.927361112170747
14362965,2025-10-14 13:45:00+05:45,31.067791517575586
14362965,2025-10-14 14:45:00+05:45,34.71545823415121
14362965,2025-10-14 15:45:00+05:45,33.87673617468939
14362965,2025-10-14 16:45:00+05:45,35.09424975713093
14362965,2025-10-14 17:45:00+05:45,40.60429159800211
14362965,2025-10-14 18:45:00+05:45,41.477486017015245
14362965,2025-10-14 19:45:00+05:45,42.42469448513455
14362965,2025-10-14 20:45:00+05:45,48.87912502288818
14362965,2025-10-14 21:45:00+05:45,42.49523618486192
14362965,2025-10-14 22:45:00+05:45,40.86654135386149
14362965,2025-10-14 23:45:00+05:45,39.29979178110758
14362965,2025-10-15 00:45:00+05:45,37.269486088222926
14362965,2025-10-15 01:45:00+05:45,36.33279196421305
14362965,2025-10-15 02:45:00+05:45,36.42884727054172
14362965,2025-10-15 03:45:00+05:45,39.45916659037272
14362965,2025-10-15 04:45:00+05:45,45.81841684977214
14362965,2025-10-15 05:45:00+05:45,47.12404155731201
14362965,2025-10-15 06:45:00+05:45,58.438125165303546
14362965,2025-10-15 07:45:00+05:45,53.76984763675265
14362965,2025-10-15 08:45:00+05:45,45.54412479400634
14362965,2025-10-15 09:45:00+05:45,42.52927720811632
14362965,2025-10-15 10:45:00+05:45,41.1733890109592
14362965,2025-10-15 11:45:00+05:45,43.92311135398017
14362965,2025-10-15 12:45:00+05:45,33.71169448428684
14362965,2025-10-15 13:45:00+05:45,27.458291649818424
14362965,2025-10-15 14:45:00+05:45,22.808430563078986
14362965,2025-10-15 15:45:00+05:45,23.565611086951364
14362965,2025-10-15 16:45:00+05:45,28.029125036133664
14362965,2025-10-15 17:45:00+05:45,32.29133332570394
14362965,2025-10-15 18:45:00+05:45,34.38079198996226
14362965,2025-10-15 19:45:00+05:45,49.06868063608806
14362965,2025-10-15 20:45:00+05:45,34.91495838165283
14362965,2025-10-15 21:45:00+05:45,36.89720834096273
14362965,2025-10-15 22:45:00+05:45,30.162472232182814
14362965,2025-10-15 23:45:00+05:45,29.640999984741217
14362965,2025-10-16 00:45:00+05:45,30.462749989827472
14362965,2025-10-16 01:45:00+05:45,36.31865248945024
14362965,2025-10-16 02:45:00+05:45,33.17849992911021
14362965,2025-10-16 03:45:00+05:45,33.60208288828532
14362965,2025-10-16 04:45:00+05:45,35.627389102511934
14362965,2025-10-16 05:45:00+05:45,45.0232638253106
14362965,2025-10-16 06:45:00+05:45,49.11493074629042
14362965,2025-10-16 07:45:00+05:45,49.32220872243246
14362965,2025-10-16 08:45:00+05:45,48.07661124335396
14362965,2025-10-16 09:45:00+05:45,39.01937503814697
14362965,2025-10-16 10:45:00+05:45,39.1107777065701
14362965,2025-10-16 11:45:00+05:45,39.482722049289286
14362965,2025-10-16 12:45:00+05:45,34.46783323287964
14362965,2025-10-16 13:45:00+05:45,31.632999912897745
14362965,2025-10-16 14:45:00+05:45,27.594541652997336
14362965,2025-10-16 15:45:00+05:45,26.29595834149255
14362965,2025-10-16 16:45:00+05:45,30.064416646957397
14362965,2025-10-16 17:45:00+05:45,33.552069213655265
14362965,2025-10-16 18:45:00+05:45,38.23629156748454
14362965,2025-10-16 19:45:00+05:45,46.64276404910618
14362965,2025-10-16 20:45:00+05:45,44.83562488555909
14362965,2025-10-16 21:45:00+05:45,43.78104139963785
14362965,2025-10-16 22:45:00+05:45,38.264249801635735
14362965,2025-10-16 23:45:00+05:45,38.66597247653537
14362965,2025-10-17 00:45:00+05:45,35.24758313496908
14362965,2025-10-17 01:45:00+05:45,35.40326374901665
14362965,2025-10-17 02:45:00+05:45,36.24845844904582
14362965,2025-10-17 03:45:00+05:45,44.228985955980086
14362965,2025-10-17 04:45:00+05:45,45.52241706848144
14362965,2025-10-17 05:45:00+05:45,55.52568069034152
14362965,2025-10-17 06:45:00+05:45,61.43147197299533
14362965,2025-10-17 07:45:00+05:45,50.75359715355767
14362965,2025-10-17 08:45:00+05:45,47.06177753872341
14362965,2025-10-17 09:45:00+05:45,47.432666524251296
14362965,2025-10-17 10:45:00+05:45,34.577777576446536
14362965,2025-10-17 11:45:00+05:45,32.86744453377194
14362965,2025-10-17 12:45:00+05:45,36.400958482424414
14363831,2025-10-13 10:45:00+05:45,36.17188856336806
14363831,2025-10-13 11:45:00+05:45,30.487888813018795
14363831,2025-10-13 12:45:00+05:45,36.699541767438255
14363831,2025-10-13 13:45:00+05:45,24.499611218770344
14363831,2025-10-13 14:45:00+05:45,28.04145839214325
14363831,2025-10-13 15:45:00+05:45,32.436152876747975
14363831,2025-10-13 16:45:00+05:45,32.208249998092654
14363831,2025-10-13 17:45:00+05:45,37.82404175599416
14363831,2025-10-13 18:45:00+05:45,47.44359717898899
14363831,2025-10-13 19:45:00+05:45,42.6529721154107
14363831,2025-10-13 20:45:00+05:45,41.020374870300294
14363831,2025-10-13 21:45:00+05:45,39.628916422526046
14363831,2025-10-13 22:45:00+05:45,41.46495812733968
14363831,2025-10-13 23:45:00+05:45,41.29579130808512
14363831,2025-10-14 00:45:00+05:45,39.62237491607666
14363831,2025-10-14 01:45:00+05:45,38.477944607204854
14363831,2025-10-14 02:45:00+05:45,36.71708297729492
14363831,2025-10-14 03:45:00+05:45,35.80338893466526
14363831,2025-10-14 04:45:00+05:45,40.18037515481313
14363831,2025-10-14 05:45:00+05:45,42.8049586613973
14363831,2025-10-14 06:45:00+05:45,60.93941637674968
14363831,2025-10-14 07:45:00+05:45,61.62066675821941
14363831,2025-10-14 08:45:00+05:45,54.70591684977213
14363831,2025-10-14 09:45:00+05:45,40.42291628519694
14363831,2025-10-14 10:45:00+05:45,38.71116663614908
14363831,2025-10-14 11:45:00+05:45,33.758666237195335
14363831,2025-10-14 12:45:00+05:45,34.45958339373271
14363831,2025-10-14 13:45:00+05:45,36.778124960263575
14363831,2025-10-14 14:45:00+05:45,40.8783889664544
14363831,2025-10-14 15:45:00+05:45,35.75720849831899
14363831,2025-10-14 16:45:00+05:45,42.61155531141494
14363831,2025-10-14 17:45:00+05:45,43.69844402737088
14363831,2025-10-14 18:45:00+05:45,44.685417048136394
14363831,2025-10-14 19:45:00+05:45,45.61705546908908
14363831,2025-10-14 20:45:00+05:45,49.0257916132609
14363831,2025-10-14 21:45:00+05:45,50.1207221561008
14363831,2025-10-14 22:45:00+05:45,44.21845849355062
14363831,2025-10-14 23:45:00+05:45,41.24129149119059
14363831,2025-10-15 00:45:00+05:45,43.38406954871284
14363831,2025-10-15 01:45:00+05:45,42.174333318074545
14363831,2025-10-15 02:45:00+05:45,41.16216646830241
14363831,2025-10-15 03:45:00+05:45,41.365694215562606
14363831,2025-10-15 04:45:00+05:45,42.32922219170464
14363831,2025-10-15 05:45:00+05:45,49.619861263699
14363831,2025-10-15 06:45:00+05:45,69.11437473297119
14363831,2025-10-15 07:45:00+05:45,70.21687501271565
14363831,2025-10-15 08:45:00+05:45,60.607472059461806
14363831,2025-10-15 09:45:00+05:45,48.832014105055066
14363831,2025-10-15 10:45:00+05:45,44.90797216627333
14363831,2025-10-15 11:45:00+05:45,37.47818078729842
14363831,2025-10-15 12:45:00+05:45,30.341499863730537
14363831,2025-10-15 13:45:00+05:45,32.91694422827827
14363831,2025-10-15 14:45:00+05:45,27.465986132621765
14363831,2025-10-15 15:45:00+05:45,25.83819432523515
14363831,2025-10-15 16:45:00+05:45,31.941402898894413
14363831,2025-10-15 17:45:00+05:45,33.6347639825609
14363831,2025-10-15 18:45:00+05:45,39.34408315022787
14363831,2025-10-15 19:45:00+05:45,39.46883331934611
14363831,2025-10-15 20:45:00+05:45,43.84366645812988
14363831,2025-10-15 21:45:00+05:45,44.39850006103516
14363831,2025-10-15 22:45:00+05:45,37.03683369954427
14363831,2025-10-15 23:45:00+05:45,37.37212467193603
14363831,2025-10-16 00:45:00+05:45,38.50062503814697
14363831,2025-10-16 01:45:00+05:45,35.30550009409586
14363831,2025-10-16 02:45:00+05:45,33.760125279426575
14363831,2025-10-16 03:45:00+05:45,29.62683334350586
14363831,2025-10-16 04:45:00+05:45,31.776000014940895
14363831,2025-10-16 05:45:00+05:45,47.690250333150225
14363831,2025-10-16 06:45:00+05:45,48.318666712443026
14363831,2025-10-16 07:45:00+05:45,55.360124778747554
14363831,2025-10-16 08:45:00+05:45,60.70500030517579
14363831,2025-10-16 09:45:00+05:45,50.53195832570395
14363831,2025-10-16 10:45:00+05:45,55.10516649881999
14363831,2025-10-16 11:45:00+05:45,44.20295858383179
14363831,2025-10-16 12:45:00+05:45,31.936708442370097
14363831,2025-10-16 13:45:00+05:45,34.10377786954244
14363831,2025-10-16 14:45:00+05:45,34.48008321126303
14363831,2025-10-16 15:45:00+05:45,35.2892916282018
14363831,2025-10-16 16:45:00+05:45,33.81658322811127
14363831,2025-10-16 17:45:00+05:45,38.80769464704725
14363831,2025-10-16 18:45:00+05:45,43.859791628519694
14363831,2025-10-16 19:45:00+05:45,40.68113894992405
14363831,2025-10-16 20:45:00+05:45,39.14752773708768
14363831,2025-10-16 21:45:00+05:45,46.70041643778484
14363831,2025-10-16 22:45:00+05:45,44.40933354695638
14363831,2025-10-16 23:45:00+05:45,41.01686087714301
14363831,2025-10-17 00:45:00+05:45,40.92801337771946
14363831,2025-10-17 01:45:00+05:45,39.56804167429606
14363831,2025-10-17 02:45:00+05:45,37.555249786376955
14363831,2025-10-17 03:45:00+05:45,39.5399862713284
14363831,2025-10-17 04:45:00+05:45,40.40504156748453
14363831,2025-10-17 05:45:00+05:45,47.858958371480306
14363831,2025-10-17 06:45:00+05:45,60.84208348592122
14363831,2025-10-17 07:45:00+05:45,67.16845823923747
14363831,2025-10-17 08:45:00+05:45,59.46863907708062
14363831,2025-10-17 09:45:00+05:45,59.183041826883944
14363831,2025-10-17 10:45:00+05:45,48.03108342488607
14363831,2025-10-17 11:45:00+05:45,39.49558335940043
14363831,2025-10-17 12:45:00+05:45,42.70644433763292
14363831,2025-10-17 13:45:00+05:45,34.958652716212804
14363840,2025-10-13 11:45:00+05:45,24.530458323160808
14363840,2025-10-13 12:45:00+05:45,22.109430548879832
14363840,2025-10-13 13:45:00+05:45,23.945569438404508
14363840,2025-10-13 14:45:00+05:45,26.499874997138978
14363840,2025-10-13 15:45:00+05:45,28.502402811580236
14363840,2025-10-13 16:45:00+05:45,29.2121388276418
14363840,2025-10-13 17:45:00+05:45,34.850041604042055
14363840,2025-10-13 18:45:00+05:45,32.604596998956474
14363840,2025-10-13 19:45:00+05:45,33.714541339874266
14363840,2025-10-13 20:45:00+05:45,34.96497213575575
14363840,2025-10-13 21:45:00+05:45,38.849583562215166
14363840,2025-10-13 22:45:00+05:45,37.175208218892415
14363840,2025-10-13 23:45:00+05:45,36.49366671244304
14363840,2025-10-14 00:45:00+05:45,37.82470811208089
14363840,2025-10-14 01:45:00+05:45,36.69049987792969
14363840,2025-10-14 02:45:00+05:45,35.993208249409996
14363840,2025-10-14 03:45:00+05:45,36.73884749942355
14363840,2025-10-14 04:45:00+05:45,38.24051375918918
14363840,2025-10-14 05:45:00+05:45,42.675208473205565
14363840,2025-10-14 06:45:00+05:45,55.74162489573161
14363840,2025-10-14 07:45:00+05:45,70.27068038516575
14363840,2025-10-14 08:45:00+05:45,52.1013750076294
14363840,2025-10-14 09:45:00+05:45,41.29962469736735
14363840,2025-10-14 14:45:00+05:45,37.464249801635745
14363840,2025-10-14 15:45:00+05:45,35.713875389099115
14363840,2025-10-14 16:45:00+05:45,38.866208585103344
14363840,2025-10-14 17:45:00+05:45,38.04420884450277
14363840,2025-10-14 18:45:00+05:45,36.63775024414062
14363840,2025-10-14 19:45:00+05:45,39.714736154344344
14363840,2025-10-14 20:45:00+05:45,38.80470841725667
14363840,2025-10-14 21:45:00+05:45,39.79445870717367
14363840,2025-10-14 22:45:00+05:45,39.02513881259494
14363840,2025-10-14 23:45:00+05:45,43.62081932491727
14363840,2025-10-15 00:45:00+05:45,45.202541796366376
14363840,2025-10-15 01:45:00+05:45,43.17231926388211
14363840,2025-10-15 02:45:00+05:45,42.94254156748453
14363840,2025-10-15 03:45:00+05:45,42.75708363850911
14363840,2025-10-15 04:45:00+05:45,44.712291399637856
14363840,2025-10-15 05:45:00+05:45,46.4886251449585
14363840,2025-10-15 06:45:00+05:45,53.7282917658488
14363840,2025-10-15 07:45:00+05:45,68.36375007629394
14363840,2025-10-15 08:45:00+05:45,54.37858327229818
14363840,2025-10-15 09:45:00+05:45,45.23683331807454
14363840,2025-10-15 10:45:00+05:45,35.48883345921834
14363840,2025-10-15 11:45:00+05:45,36.957541720072435
14363840,2025-10-15 12:45:00+05:45,33.192402309841576
14363840,2025-10-15 13:45:00+05:45,29.916666621632046
14363840,2025-10-15 14:45:00+05:45,28.476625005404156
14363840,2025-10-15 15:45:00+05:45,27.688749996821084
14363840,2025-10-15 16:45:00+05:45,29.76798612011804
14363840,2025-10-15 17:45:00+05:45,35.96572206285265
14363840,2025-10-15 18:45:00+05:45,34.165333334604895
14363840,2025-10-15 19:45:00+05:45,34.26225001811981
14363840,2025-10-15 20:45:00+05:45,31.18045849005382
14363840,2025-10-15 21:45:00+05:45,31.818291815121967
14363840,2025-10-15 22:45:00+05:45,38.10370820363362
14363840,2025-10-15 23:45:00+05:45,38.902652719285754
14363840,2025-10-16 00:45:00+05:45,35.71722242567274
14363840,2025-10-16 01:45:00+05:45,35.26344468858507
14363840,2025-10-16 02:45:00+05:45,35.90748619503445
14363840,2025-10-16 03:45:00+05:45,37.08795846303304
14363840,2025-10-16 04:45:00+05:45,40.00541674296061
14363840,2025-10-16 05:45:00+05:45,43.766472329033746
14363840,2025-10-16 06:45:00+05:45,73.1981945461697
14363840,2025-10-16 07:45:00+05:45,65.78637523651123
14363840,2025-10-16 08:45:00+05:45,62.90152732001412
14363840,2025-10-16 09:45:00+05:45,45.34229132334391
14363840,2025-10-16 10:45:00+05:45,40.80362529754639
14363840,2025-10-16 11:45:00+05:45,39.02529157002767
14363840,2025-10-16 12:45:00+05:45,32.13454190095266
14363840,2025-10-16 13:45:00+05:45,30.483124995231623
14363840,2025-10-16 14:45:00+05:45,27.25575000445048
14363840,2025-10-16 15:45:00+05:45,30.63870826562245
14363840,2025-10-16 16:45:00+05:45,32.171666741371155
14363840,2025-10-16 17:45:00+05:45,28.882750007841324
14363840,2025-10-16 18:45:00+05:45,30.113625025749204
14363840,2025-10-16 19:45:00+05:45,30.539727219668304
14363840,2025-10-16 20:45:00+05:45,31.953333328709466
14363840,2025-10-16 21:45:00+05:45,30.6002916097641
14363840,2025-10-16 22:45:00+05:45,32.23398613399929
14363840,2025-10-16 23:45:00+05:45,34.22437521616618
14363840,2025-10-17 00:45:00+05:45,35.56536106533475
14363840,2025-10-17 01:45:00+05:45,36.459166590372725
14363840,2025-10-17 02:45:00+05:45,37.47362524668376
14363840,2025-10-17 03:45:00+05:45,38.673138766818575
14363840,2025-10-17 04:45:00+05:45,40.26129118601481
14363840,2025-10-17 05:45:00+05:45,45.20862522125245
14363840,2025-10-17 06:45:00+05:45,61.571944088406035
14363840,2025-10-17 07:45:00+05:45,68.97124977111815
14363840,2025-10-17 08:45:00+05:45,66.71375020345052
14363840,2025-10-17 13:45:00+05:45,32.95258306662242
14363840,2025-10-17 14:45:00+05:45,30.92549999554953
14363840,2025-10-17 15:45:00+05:45,32.708812308311465
14363840,2025-10-17 16:45:00+05:45,34.1385910727761
14363840,2025-10-17 17:45:00+05:45,35.13033345540365
14363840,2025-10-17 18:45:00+05:45,34.18977811601427
14363840,2025-10-17 19:45:00+05:45,36.71734710269504
14363840,2025-10-17 20:45:00+05:45,36.372499292547054
14363840,2025-10-17 21:45:00+05:45,36.852360831366646
14363840,2025-10-17 22:45:00+05:45,38.661611345079216
14363845,2025-10-13 11:45:00+05:45,25.73024998241001
14363845,2025-10-13 12:45:00+05:45,21.819111103481717
14363845,2025-10-13 13:45:00+05:45,22.137874971495737
14363845,2025-10-13 14:45:00+05:45,27.91529166698456
14363845,2025-10-13 15:45:00+05:45,27.839513892597623
14363845,2025-10-13 16:45:00+05:45,30.162958351771035
14363845,2025-10-13 17:45:00+05:45,35.15945439194188
14363845,2025-10-13 18:45:00+05:45,38.73768032921685
14363845,2025-10-13 19:45:00+05:45,43.213374900817875
14363845,2025-10-13 20:45:00+05:45,42.60468052758112
14363845,2025-10-13 21:45:00+05:45,33.27427744600508
14363845,2025-10-13 22:45:00+05:45,38.100027762519
14363845,2025-10-13 23:45:00+05:45,41.83315287695991
14363845,2025-10-14 00:45:00+05:45,40.55558331807454
14363845,2025-10-14 01:45:00+05:45,40.50074996948242
14363845,2025-10-14 02:45:00+05:45,40.47845821380616
14363845,2025-10-14 03:45:00+05:45,40.649179988437226
14363845,2025-10-14 04:45:00+05:45,41.28520806630453
14363845,2025-10-14 05:45:00+05:45,42.954458173116045
14363845,2025-10-14 06:45:00+05:45,50.171250152587895
14363845,2025-10-14 07:45:00+05:45,50.916986317104765
14363845,2025-10-14 08:45:00+05:45,47.17618066999646
14363845,2025-10-14 09:45:00+05:45,35.323652786678736
14363845,2025-10-14 10:45:00+05:45,31.89630525112152
14363845,2025-10-14 11:45:00+05:45,27.44983334541321
14363845,2025-10-14 12:45:00+05:45,24.707888825734457
14363845,2025-10-14 13:45:00+05:45,33.161749911308284
14363845,2025-10-14 14:45:00+05:45,35.64738867017957
14363845,2025-10-14 15:45:00+05:45,35.9830276913113
14363845,2025-10-14 16:45:00+05:45,41.32166659037272
14363845,2025-10-14 17:45:00+05:45,43.87951382531059
14363845,2025-10-14 18:45:00+05:45,42.789194403754344
14363845,2025-10-14 19:45:00+05:45,45.26266657511393
14363845,2025-10-14 20:45:00+05:45,50.13122223748102
14363845,2025-10-14 21:45:00+05:45,47.93683331807455
14363845,2025-10-14 22:45:00+05:45,47.07022204928928
14363845,2025-10-14 23:45:00+05:45,45.84548617468939
14363845,2025-10-15 00:45:00+05:45,45.463902642991805
14363845,2025-10-15 01:45:00+05:45,45.83083356221517
14363845,2025-10-15 02:45:00+05:45,46.303777864244246
14363845,2025-10-15 03:45:00+05:45,47.33959772321913
14363845,2025-10-15 04:45:00+05:45,48.96812496185303
14363845,2025-10-15 05:45:00+05:45,50.65445817311605
14363845,2025-10-15 06:45:00+05:45,61.23708318074543
14363845,2025-10-15 07:45:00+05:45,54.329139031304265
14363845,2025-10-15 08:45:00+05:45,45.8545836130778
14363845,2025-10-15 09:45:00+05:45,37.44654178619385
14363845,2025-10-15 10:45:00+05:45,34.32668023639255
14363845,2025-10-15 11:45:00+05:45,33.809680514865455
14363845,2025-10-15 12:45:00+05:45,32.955583254496254
14363845,2025-10-15 13:45:00+05:45,29.337097228897942
14363845,2025-10-15 14:45:00+05:45,27.3278333346049
14363845,2025-10-15 15:45:00+05:45,29.594847236739263
14363845,2025-10-15 16:45:00+05:45,32.78651380274031
14363845,2025-10-15 17:45:00+05:45,39.050916544596355
14363845,2025-10-15 18:45:00+05:45,39.63766657511393
14363845,2025-10-15 19:45:00+05:45,39.18013886345758
14363845,2025-10-15 20:45:00+05:45,41.46920808156331
14363845,2025-10-15 21:45:00+05:45,30.996708393096924
14363845,2025-10-15 22:45:00+05:45,28.66491665840149
14363845,2025-10-15 23:45:00+05:45,32.21329187552134
14363845,2025-10-16 00:45:00+05:45,33.89541660944621
14363845,2025-10-16 01:45:00+05:45,36.628166453043626
14363845,2025-10-16 02:45:00+05:45,39.26983350118001
14363845,2025-10-16 03:45:00+05:45,37.38311097886827
14363845,2025-10-16 04:45:00+05:45,39.31790260738797
14363845,2025-10-16 05:45:00+05:45,55.29659705691867
14363845,2025-10-16 06:45:00+05:45,49.33883336385091
14363845,2025-10-16 07:45:00+05:45,46.31804167429606
14363845,2025-10-16 08:45:00+05:45,42.98319401211209
14363845,2025-10-16 09:45:00+05:45,37.83365282482571
14363845,2025-10-16 10:45:00+05:45,38.12794397142199
14363845,2025-10-16 11:45:00+05:45,35.85020821889241
14363845,2025-10-16 12:45:00+05:45,31.857958290312027
14363845,2025-10-16 13:45:00+05:45,30.43529166380564
14363845,2025-10-16 14:45:00+05:45,28.28948610888587
14363845,2025-10-16 15:45:00+05:45,30.360375030835467
14363845,2025-10-16 16:45:00+05:45,34.236791674296065
14363845,2025-10-16 17:45:00+05:45,40.9048195944892
14363845,2025-10-16 18:45:00+05:45,38.67295831044515
14363845,2025-10-16 19:45:00+05:45,51.39623588985867
14363845,2025-10-16 20:45:00+05:45,48.85201392703587
14363845,2025-10-16 21:45:00+05:45,43.09533322652181
14363845,2025-10-16 22:45:00+05:45,42.18104178110758
14363845,2025-10-16 23:45:00+05:45,41.128902922736266
14363845,2025-10-17 00:45:00+05:45,44.746958351135255
14363845,2025-10-17 01:45:00+05:45,45.65966644287109
14363845,2025-10-17 02:45:00+05:45,45.104916636149085
14363845,2025-10-17 03:45:00+05:45,42.90033353169759
14363845,2025-10-17 04:45:00+05:45,43.00988867017958
14363845,2025-10-17 05:45:00+05:45,43.71755532158746
14363845,2025-10-17 06:45:00+05:45,50.98595816294352
14363845,2025-10-17 07:45:00+05:45,64.53887462615965
14363845,2025-10-17 08:45:00+05:45,50.4953748703003
14363845,2025-10-17 09:45:00+05:45,43.307916895548495
14363845,2025-10-17 10:45:00+05:45,39.584277587466765
14363845,2025-10-17 11:45:00+05:45,34.09695831934611
14363845,2025-10-17 12:45:00+05:45,37.23581960466173
14363845,2025-10-17 13:45:00+05:45,32.86323573854234
14363845,2025-10-17 14:45:00+05:45,32.49247211085426
14363850,2025-10-13 11:45:00+05:45,24.213180555237667
14363850,2025-10-13 12:45:00+05:45,18.655652769406636
14363850,2025-10-13 13:45:00+05:45,17.810430545277068
14363850,2025-10-13 14:45:00+05:45,21.520333337783818
14363850,2025-10-13 15:45:00+05:45,23.519624988238014
14363850,2025-10-13 16:45:00+05:45,31.836000008053247
14363850,2025-10-13 17:45:00+05:45,38.19441665013631
14363850,2025-10-13 18:45:00+05:45,38.12912502288818
14363850,2025-10-13 19:45:00+05:45,43.4523472044203
14363850,2025-10-13 20:45:00+05:45,45.72212518056233
14363850,2025-10-13 21:45:00+05:45,42.10487499237061
14363850,2025-10-13 22:45:00+05:45,41.99741643269857
14363850,2025-10-13 23:45:00+05:45,39.304958534240725
14363850,2025-10-14 00:45:00+05:45,48.31641724904378
14363850,2025-10-14 01:45:00+05:45,48.67516632080077
14363850,2025-10-14 02:45:00+05:45,39.40987491607666
14363850,2025-10-14 03:45:00+05:45,36.454555882347954
14363850,2025-10-14 04:45:00+05:45,39.44812488555908
14363850,2025-10-14 05:45:00+05:45,46.91362476348877
14363850,2025-10-14 06:45:00+05:45,49.24529158274333
14363850,2025-10-14 07:45:00+05:45,59.18220818837483
14363850,2025-10-14 08:45:00+05:45,59.535833104451505
14363850,2025-10-14 09:45:00+05:45,40.922083791097
14363850,2025-10-14 10:45:00+05:45,36.46470826466878
14363850,2025-10-14 11:45:00+05:45,32.18562475045522
14363850,2025-10-14 12:45:00+05:45,27.656847177611457
14363850,2025-10-14 13:45:00+05:45,30.079347199863857
14363850,2025-10-14 14:45:00+05:45,27.320180545912848
14363850,2025-10-14 15:45:00+05:45,30.162597197956504
14363850,2025-10-14 16:45:00+05:45,58.81604162851969
14363850,2025-10-14 17:45:00+05:45,44.0665135913425
14363850,2025-10-14 18:45:00+05:45,45.5651663462321
14363850,2025-10-14 19:45:00+05:45,39.77358334859212
14363850,2025-10-14 20:45:00+05:45,49.37191683451334
14363850,2025-10-14 21:45:00+05:45,49.42033284505209
14363850,2025-10-14 22:45:00+05:45,43.97341639200846
14363850,2025-10-14 23:45:00+05:45,43.10676386091444
14363850,2025-10-15 00:45:00+05:45,50.59720872243246
14363850,2025-10-15 01:45:00+05:45,43.546958096822095
14363850,2025-10-15 02:45:00+05:45,44.662916819254555
14363850,2025-10-15 03:45:00+05:45,45.42137508392333
14363850,2025-10-15 04:45:00+05:45,46.37950019836425
14363850,2025-10-15 05:45:00+05:45,89.98443071577283
14363850,2025-10-15 06:45:00+05:45,71.89987506866456
14363850,2025-10-15 07:45:00+05:45,60.14575004577636
14363850,2025-10-15 08:45:00+05:45,64.99629141489665
14363850,2025-10-15 09:45:00+05:45,49.88837490081787
14363850,2025-10-15 10:45:00+05:45,44.391722191704645
14363850,2025-10-15 11:45:00+05:45,40.333333333333336
14363850,2025-10-15 12:45:00+05:45,27.385016667048134
14363850,2025-10-15 13:45:00+05:45,18.68604166507721
14363850,2025-10-15 14:45:00+05:45,23.078013851907517
14363850,2025-10-15 15:45:00+05:45,24.59763888782925
14363850,2025-10-15 16:45:00+05:45,28.881347118483657
14363850,2025-10-15 17:45:00+05:45,58.99729204972585
14363850,2025-10-15 18:45:00+05:45,33.017194472418886
14363850,2025-10-15 19:45:00+05:45,40.01365296045939
14363850,2025-10-15 20:45:00+05:45,43.39404188791911
14363850,2025-10-15 21:45:00+05:45,49.698750050862635
14363850,2025-10-15 22:45:00+05:45,37.34883340199789
14363850,2025-10-15 23:45:00+05:45,42.01116701761882
14363850,2025-10-16 00:45:00+05:45,35.47012500762939
14363850,2025-10-16 01:45:00+05:45,35.238319661882194
14363850,2025-10-16 02:45:00+05:45,33.32029180526733
14363850,2025-10-16 03:45:00+05:45,33.789875117937726
14363850,2025-10-16 04:45:00+05:45,35.62087511221568
14363850,2025-10-16 05:45:00+05:45,69.22458318074544
14363850,2025-10-16 06:45:00+05:45,53.05050010681152
14363850,2025-10-16 07:45:00+05:45,52.99770806630453
14363850,2025-10-16 08:45:00+05:45,64.06350021362304
14363850,2025-10-16 09:45:00+05:45,66.7387913386027
14363850,2025-10-16 10:45:00+05:45,44.45254179636638
14363850,2025-10-16 11:45:00+05:45,32.58441654046377
14363850,2025-10-16 12:45:00+05:45,26.933541655540463
14363850,2025-10-16 13:45:00+05:45,27.19041663010915
14363850,2025-10-16 14:45:00+05:45,24.465333345201277
14363850,2025-10-16 15:45:00+05:45,25.44933334986369
14363850,2025-10-16 16:45:00+05:45,29.334083286921185
14363850,2025-10-16 17:45:00+05:45,34.426958529154454
14363850,2025-10-16 18:45:00+05:45,32.99681959152222
14363850,2025-10-16 19:45:00+05:45,36.22562516530355
14363850,2025-10-16 20:45:00+05:45,44.48002781338162
14363850,2025-10-16 21:45:00+05:45,46.339582951863605
14363850,2025-10-16 22:45:00+05:45,43.59599990844726
14363850,2025-10-16 23:45:00+05:45,42.975666809082036
14363850,2025-10-17 00:45:00+05:45,43.791458447774254
14363850,2025-10-17 01:45:00+05:45,41.18899993896484
14363850,2025-10-17 02:45:00+05:45,45.265388827853734
14363850,2025-10-17 03:45:00+05:45,43.56551375918918
14363850,2025-10-17 04:45:00+05:45,46.15220826466878
14363850,2025-10-17 05:45:00+05:45,52.71799964904786
14363850,2025-10-17 06:45:00+05:45,61.05924987792969
14363850,2025-10-17 14:45:00+05:45,25.79571428753081
14363850,2025-10-17 15:45:00+05:45,29.800736043188305
14363850,2025-10-17 16:45:00+05:45,34.116249847412114
14363850,2025-10-17 17:45:00+05:45,38.19611044989692
14363850,2025-10-17 18:45:00+05:45,38.500527615017354
14363850,2025-10-17 19:45:00+05:45,41.62066637674967
14363850,2025-10-17 20:45:00+05:45,47.08537502288819
14363850,2025-10-17 21:45:00+05:45,49.748930507236054
14415608,2025-10-19 13:45:00+05:45,27.958750009536743
14415608,2025-10-19 14:45:00+05:45,29.524861123826767
14415608,2025-10-19 15:45:00+05:45,39.088166332244874
14415608,2025-10-19 16:45:00+05:45,40.99781962500678
14415608,2025-10-19 17:45:00+05:45,47.308875465393065
14415608,2025-10-19 18:45:00+05:45,49.123500061035166
14415608,2025-10-19 19:45:00+05:45,51.84555519951714
14415608,2025-10-19 20:45:00+05:45,46.890666834513354
14415608,2025-10-19 21:45:00+05:45,44.38169420030382
14415608,2025-10-19 22:45:00+05:45,40.68136117723253
14415608,2025-10-19 23:45:00+05:45,37.02027757432726
14415608,2025-10-20 00:45:00+05:45,35.25987485249837
14415608,2025-10-20 01:45:00+05:45,33.55574982166291
14415608,2025-10-20 02:45:00+05:45,30.059083278973898
14415608,2025-10-20 03:45:00+05:45,31.341430550151404
14415608,2025-10-20 04:45:00+05:45,32.737333329518634
14415608,2025-10-20 05:45:00+05:45,47.677458381652826
14415608,2025-10-20 06:45:00+05:45,102.55995858510336
14415608,2025-10-20 07:45:00+05:45,50.657625007629385
14415608,2025-10-20 08:45:00+05:45,67.22073629167345
14415608,2025-10-20 09:45:00+05:45,97.27050011952716
14415608,2025-10-20 13:45:00+05:45,21.566500033272643
14415608,2025-10-20 14:45:00+05:45,23.398333326975504
14415608,2025-10-20 15:45:00+05:45,31.190250121222604
14415608,2025-10-20 16:45:00+05:45,47.17462462319268
14415608,2025-10-20 17:45:00+05:45,72.05342416474313
14415608,2025-10-20 18:45:00+05:45,89.84870840708415
14415608,2025-10-20 19:45:00+05:45,108.379930390252
14415608,2025-10-20 20:45:00+05:45,64.02558301289876
14415608,2025-10-20 21:45:00+05:45,62.14804197947185
14415608,2025-10-20 22:45:00+05:45,45.63265289730496
14415608,2025-10-20 23:45:00+05:45,42.72312513987223
14415608,2025-10-21 00:45:00+05:45,36.631791369120286
14415608,2025-10-21 01:45:00+05:45,32.33824989795684
14415608,2025-10-21 02:45:00+05:45,28.01495836575826
14415608,2025-10-21 03:45:00+05:45,26.980111106236777
14415608,2025-10-21 04:45:00+05:45,64.90026387108698
14415608,2025-10-21 05:45:00+05:45,74.90629164377849
14415608,2025-10-21 06:45:00+05:45,80.34583346048991
14415608,2025-10-21 07:45:00+05:45,47.191638776991105
14415608,2025-10-21 08:45:00+05:45,54.41870861053466
14415608,2025-10-21 09:45:00+05:45,54.34629179636638
14415608,2025-10-21 10:45:00+05:45,44.67216682434082
14415608,2025-10-21 11:45:00+05:45,36.509791596730544
14415608,2025-10-21 12:45:00+05:45,21.30331952571869
14415608,2025-10-21 13:45:00+05:45,13.847902777459886
14415608,2025-10-21 14:45:00+05:45,12.338250001271566
14415608,2025-10-21 15:45:00+05:45,12.11920834382375
14415608,2025-10-21 16:45:00+05:45,20.282347204950124
14415608,2025-10-21 17:45:00+05:45,34.56149988969167
14415608,2025-10-21 18:45:00+05:45,75.01455518934462
14415608,2025-10-21 19:45:00+05:45,59.07070814768473
14415608,2025-10-21 20:45:00+05:45,51.33366661071776
14415608,2025-10-21 21:45:00+05:45,46.538500213623045
14415608,2025-10-21 22:45:00+05:45,37.96509719424777
14415608,2025-10-21 23:45:00+05:45,37.05298612382677
14415608,2025-10-22 00:45:00+05:45,28.87020826074812
14415608,2025-10-22 01:45:00+05:45,29.31308325131734
14415608,2025-10-22 02:45:00+05:45,29.66133337020874
14415608,2025-10-22 03:45:00+05:45,31.07986107137468
14415608,2025-10-22 04:45:00+05:45,60.91599998474121
14415608,2025-10-22 05:45:00+05:45,45.2912914911906
14415608,2025-10-22 06:45:00+05:45,45.21023621029323
14415608,2025-10-22 07:45:00+05:45,48.0446801715427
14415608,2025-10-22 08:45:00+05:45,51.82713949415419
14415608,2025-10-22 09:45:00+05:45,57.867999649047846
14415608,2025-10-22 10:45:00+05:45,56.47201362186008
14415608,2025-10-22 11:45:00+05:45,43.648888736301
14415608,2025-10-22 12:45:00+05:45,28.70391662279765
14415608,2025-10-22 13:45:00+05:45,21.524513883060877
14415608,2025-10-22 14:45:00+05:45,22.71469448407491
14415608,2025-10-22 15:45:00+05:45,23.368636374040083
14415608,2025-10-22 16:45:00+05:45,31.576909065246586
14415608,2025-10-22 17:45:00+05:45,35.470208605130516
14415608,2025-10-22 18:45:00+05:45,65.36006963517933
14415608,2025-10-22 19:45:00+05:45,47.711708259582515
14415608,2025-10-22 20:45:00+05:45,41.15984715355766
14415608,2025-10-22 21:45:00+05:45,43.78397199842666
14415608,2025-10-22 22:45:00+05:45,36.421194500393334
14415608,2025-10-22 23:45:00+05:45,36.06904150644938
14415608,2025-10-23 00:45:00+05:45,35.3004997253418
14415608,2025-10-23 01:45:00+05:45,37.086763784620494
14415608,2025-10-23 02:45:00+05:45,33.971958422660826
14415608,2025-10-23 03:45:00+05:45,31.39206965234544
14415608,2025-10-23 04:45:00+05:45,61.74248642391628
14415608,2025-10-23 05:45:00+05:45,48.073027716742615
14415608,2025-10-23 06:45:00+05:45,57.47043052249485
14415608,2025-10-23 07:45:00+05:45,56.93436105516222
14415608,2025-10-23 08:45:00+05:45,58.37541681925456
14415608,2025-10-23 09:45:00+05:45,56.76436123318143
14415608,2025-10-23 10:45:00+05:45,37.875347190433075
14415608,2025-10-23 11:45:00+05:45,31.429958279927572
14415608,2025-10-23 12:45:00+05:45,11.441569447517397
14415608,2025-10-23 13:45:00+05:45,12.648545455932616
14415608,2025-10-23 14:45:00+05:45,14.60099996725718
14415608,2025-10-23 15:45:00+05:45,19.696625002225243
14415608,2025-10-23 16:45:00+05:45,25.84137496948242
14415608,2025-10-23 17:45:00+05:45,33.33416659832
14415608,2025-10-23 18:45:00+05:45,74.5942078590393
14415608,2025-10-23 19:45:00+05:45,38.92594440248278
14365294,2025-10-13 13:45:00+05:45,24.234366677602132
14365294,2025-10-13 14:45:00+05:45,30.27520000457763
14365294,2025-10-13 15:45:00+05:45,34.19827750877098
14365294,2025-10-13 16:45:00+05:45,43.43625068664551
14365294,2025-10-13 17:45:00+05:45,50.26949996948242
14365294,2025-10-13 18:45:00+05:45,41.03672239515516
14365294,2025-10-14 00:45:00+05:45,39.115409365567295
14365294,2025-10-14 05:45:00+05:45,51.19992861066545
14365294,2025-10-14 06:45:00+05:45,52.09879233042399
14365294,2025-10-14 07:45:00+05:45,50.07183316548665
14365294,2025-10-14 11:45:00+05:45,41.71199951171875
14365294,2025-10-14 14:45:00+05:45,31.99839953104655
14365294,2025-10-14 15:45:00+05:45,39.70883356730143
14365294,2025-10-14 16:45:00+05:45,46.343624941507976
14365294,2025-10-14 17:45:00+05:45,49.31203049168443
14365294,2025-10-14 19:45:00+05:45,46.699666849772136
14365294,2025-10-14 20:45:00+05:45,42.91999816894531
14365294,2025-10-14 21:45:00+05:45,38.45315282609727
14365294,2025-10-14 22:45:00+05:45,37.87588878207737
14365294,2025-10-15 04:45:00+05:45,48.81266581217448
14365294,2025-10-15 05:45:00+05:45,54.80652762518989
14365294,2025-10-15 06:45:00+05:45,62.69055514865451
14365294,2025-10-15 07:45:00+05:45,49.1875
14365294,2025-10-15 08:45:00+05:45,53.079805331759985
14365294,2025-10-15 09:45:00+05:45,57.096750259399414
14365294,2025-10-15 10:45:00+05:45,40.602097468905974
14365294,2025-10-15 11:45:00+05:45,36.23275032043457
14365294,2025-10-15 12:45:00+05:45,28.742916742960613
14365294,2025-10-15 13:45:00+05:45,24.592541665501063
14365294,2025-10-15 14:45:00+05:45,29.360208238495716
14365294,2025-10-15 15:45:00+05:45,39.15509117877844
14365294,2025-10-15 16:45:00+05:45,32.17266626358032
14365294,2025-10-15 17:45:00+05:45,33.39590042114258
14365294,2025-10-15 18:45:00+05:45,34.073875133196516
14365294,2025-10-15 19:45:00+05:45,34.4162635617786
14365294,2025-10-15 20:45:00+05:45,32.85420847468907
14365294,2025-10-15 21:45:00+05:45,33.871028116014266
14365294,2025-10-15 22:45:00+05:45,34.26015286710527
14365294,2025-10-15 23:45:00+05:45,34.605083370208746
14365294,2025-10-16 00:45:00+05:45,33.13470834891002
14365294,2025-10-16 01:45:00+05:45,36.9287078221639
14365294,2025-10-16 02:45:00+05:45,41.81920808156332
14365294,2025-10-16 03:45:00+05:45,42.322291628519686
14365294,2025-10-16 04:45:00+05:45,42.00133361816406
14365294,2025-10-16 05:45:00+05:45,43.38305558098688
14365294,2025-10-16 06:45:00+05:45,58.84637508392334
14365294,2025-10-16 07:45:00+05:45,47.85813886854384
14365294,2025-10-16 08:45:00+05:45,52.33593065473769
14365294,2025-10-16 09:45:00+05:45,56.13437480926513
14365294,2025-10-16 10:45:00+05:45,38.54031673431396
14365294,2025-10-16 11:45:00+05:45,28.467500019073487
14365294,2025-10-16 12:45:00+05:45,26.58949999279446
14365294,2025-10-16 13:45:00+05:45,27.657458339797127
14365294,2025-10-16 14:45:00+05:45,26.972999986012777
14365294,2025-10-16 15:45:00+05:45,34.911363853107794
14365294,2025-10-16 16:45:00+05:45,36.01170839468639
14365294,2025-10-16 17:45:00+05:45,40.655985874599885
14365294,2025-10-16 18:45:00+05:45,37.84237461090088
14365294,2025-10-16 19:45:00+05:45,32.82513632629857
14365294,2025-10-18 07:45:00+05:45,66.14542606495044
14365294,2025-10-18 08:45:00+05:45,49.649499320983885
14365294,2025-10-19 06:45:00+05:45,48.33000183105469
14365294,2025-10-19 08:45:00+05:45,47.66808350880941
14365294,2025-10-19 10:45:00+05:45,40.8640417098999
14365294,2025-10-19 11:45:00+05:45,39.36637474695842
14365294,2025-10-19 12:45:00+05:45,32.51252797709571
14365294,2025-10-19 13:45:00+05:45,27.000250005722044
14365294,2025-10-19 15:45:00+05:45,39.63835388819377
14365294,2025-10-19 16:45:00+05:45,45.043722237481006
14365294,2025-10-19 17:45:00+05:45,43.77340954867276
14365294,2025-10-19 18:45:00+05:45,49.1408322652181
14365294,2025-10-19 19:45:00+05:45,43.1608746210734
14365294,2025-10-19 20:45:00+05:45,41.05570812225342
14365294,2025-10-19 21:45:00+05:45,32.76069458060794
14365294,2025-10-19 22:45:00+05:45,35.42222180896335
14365294,2025-10-19 23:45:00+05:45,31.59262499279446
14365294,2025-10-20 00:45:00+05:45,29.43812492688497
14365294,2025-10-20 01:45:00+05:45,29.715499925613404
14365294,2025-10-20 02:45:00+05:45,33.121563243865964
14365294,2025-10-20 03:45:00+05:45,35.29206960466173
14365294,2025-10-20 04:45:00+05:45,44.36036114162869
14365294,2025-10-20 05:45:00+05:45,48.95268048180474
14365294,2025-10-20 06:45:00+05:45,61.02350006103515
14365294,2025-10-20 07:45:00+05:45,53.49695045471192
14365294,2025-10-20 08:45:00+05:45,53.65033299763998
14365294,2025-10-20 09:45:00+05:45,46.640208371480306
14365294,2025-10-20 13:45:00+05:45,28.132520838578543
14365294,2025-10-20 14:45:00+05:45,28.901541826460093
14365294,2025-10-20 15:45:00+05:45,32.67866663138072
14365294,2025-10-20 16:45:00+05:45,36.78069462246365
14365294,2025-10-20 17:45:00+05:45,42.71187850489761
14365294,2025-10-20 18:45:00+05:45,42.43963338216146
14365294,2025-10-20 19:45:00+05:45,42.426055357191295
14365294,2025-10-20 20:45:00+05:45,34.365833346048994
14365294,2025-10-21 01:45:00+05:45,36.06877763536241
14365294,2025-10-21 02:45:00+05:45,37.548666381835936
14365294,2025-10-21 04:45:00+05:45,40.51699981689453
14365294,2025-10-21 05:45:00+05:45,42.93586137559678
14365294,2025-10-21 06:45:00+05:45,47.66134863188772
14365294,2025-10-21 07:45:00+05:45,62.180055703057185
14371768,2025-10-14 09:45:00+05:45,131.87166436513266
14371768,2025-10-14 10:45:00+05:45,30.448236182000898
14371768,2025-10-14 11:45:00+05:45,28.745374989509585
14371768,2025-10-14 12:45:00+05:45,28.67291670110491
14371768,2025-10-14 13:45:00+05:45,37.70787499745687
14371768,2025-10-14 14:45:00+05:45,25.31574999491374
14371768,2025-10-14 15:45:00+05:45,32.02452757623461
14371768,2025-10-14 16:45:00+05:45,32.68063865237766
14371768,2025-10-14 17:45:00+05:45,52.43495391498913
14371768,2025-10-14 18:45:00+05:45,61.6402366426256
14371768,2025-10-14 19:45:00+05:45,58.52329146067302
14371768,2025-10-14 20:45:00+05:45,117.84727762010364
14371768,2025-10-14 21:45:00+05:45,102.35037492116292
14371768,2025-10-14 22:45:00+05:45,84.21570873260498
14371768,2025-10-14 23:45:00+05:45,84.87241694132486
14371768,2025-10-15 00:45:00+05:45,77.32966651916503
14371768,2025-10-15 01:45:00+05:45,65.50770816802978
14371768,2025-10-15 02:45:00+05:45,54.00529143015543
14371768,2025-10-15 03:45:00+05:45,68.12220872243246
14371768,2025-10-15 04:45:00+05:45,52.75907562718248
14371768,2025-10-15 05:45:00+05:45,44.783360968695746
14371768,2025-10-15 06:45:00+05:45,53.592513677808974
14371768,2025-10-15 07:45:00+05:45,45.251596980624726
14371768,2025-10-15 08:45:00+05:45,47.8350835164388
14371768,2025-10-15 09:45:00+05:45,52.32300008138021
14371768,2025-10-15 10:45:00+05:45,45.26758359273274
14371768,2025-10-15 11:45:00+05:45,32.883805741204164
14371768,2025-10-15 12:45:00+05:45,24.621791672706603
14371768,2025-10-15 13:45:00+05:45,19.39954167207082
14371768,2025-10-15 14:45:00+05:45,21.094250000847712
14371768,2025-10-15 15:45:00+05:45,23.95288888613383
14371768,2025-10-15 16:45:00+05:45,27.968916654586792
14371768,2025-10-15 17:45:00+05:45,33.55672247939639
14371768,2025-10-15 18:45:00+05:45,47.00633328755696
14371768,2025-10-15 19:45:00+05:45,65.10409713321262
14371768,2025-10-15 20:45:00+05:45,52.80195840199789
14371768,2025-10-15 21:45:00+05:45,47.30916697184245
14371768,2025-10-15 22:45:00+05:45,49.31544473436144
14371768,2025-10-15 23:45:00+05:45,45.471972232394755
14371768,2025-10-16 00:45:00+05:45,41.02615239885118
14371768,2025-10-16 01:45:00+05:45,37.66754177411398
14371768,2025-10-16 02:45:00+05:45,35.35863876077864
14371768,2025-10-16 03:45:00+05:45,29.77654167811076
14371768,2025-10-16 04:45:00+05:45,35.24220843315124
14371768,2025-10-16 05:45:00+05:45,44.24462502797445
14371768,2025-10-16 06:45:00+05:45,43.767458279927574
14371768,2025-10-16 07:45:00+05:45,44.25816650390626
14371768,2025-10-16 08:45:00+05:45,41.755597199334034
14371768,2025-10-16 09:45:00+05:45,39.13697238498264
14371768,2025-10-16 10:45:00+05:45,30.39679179191589
14371768,2025-10-16 11:45:00+05:45,32.6067081451416
14371768,2025-10-16 12:45:00+05:45,28.91869446966383
14371768,2025-10-16 13:45:00+05:45,27.16849999427795
14371768,2025-10-16 14:45:00+05:45,27.169013894928828
14371768,2025-10-16 15:45:00+05:45,29.449222230911257
14371768,2025-10-16 16:45:00+05:45,29.100444412231443
14371768,2025-10-16 17:45:00+05:45,38.285167105992635
14371768,2025-10-16 18:45:00+05:45,45.360569614834255
14371768,2025-10-16 19:45:00+05:45,97.43420848846436
14371768,2025-10-16 20:45:00+05:45,54.06822276645236
14371768,2025-10-16 21:45:00+05:45,55.49262523651123
14371768,2025-10-16 22:45:00+05:45,47.50283330281576
14371768,2025-10-16 23:45:00+05:45,43.01529178619385
14371768,2025-10-17 00:45:00+05:45,43.28658307393392
14371768,2025-10-17 01:45:00+05:45,42.051624870300294
14371768,2025-10-17 02:45:00+05:45,42.69058316548666
14371768,2025-10-17 03:45:00+05:45,40.66763899061416
14371768,2025-10-17 04:45:00+05:45,40.55763876173231
14371768,2025-10-17 05:45:00+05:45,51.66748604244656
14371768,2025-10-17 06:45:00+05:45,47.02572220696342
14371768,2025-10-17 07:45:00+05:45,43.104166666666664
14371768,2025-10-17 08:45:00+05:45,46.47479178110759
14371768,2025-10-17 09:45:00+05:45,40.37415235307481
14371768,2025-10-17 10:45:00+05:45,30.56174986362457
14371768,2025-10-17 11:45:00+05:45,24.182694533136157
14371768,2025-10-17 12:45:00+05:45,35.662125205993654
14371768,2025-10-17 13:45:00+05:45,32.65754174391429
14371768,2025-10-17 14:45:00+05:45,32.701222281985814
14371768,2025-10-17 15:45:00+05:45,32.41929167906443
14371768,2025-10-17 16:45:00+05:45,33.964055368635385
14371768,2025-10-17 17:45:00+05:45,41.36684725019666
14371768,2025-10-17 18:45:00+05:45,45.37459718916151
14371768,2025-10-17 19:45:00+05:45,49.43424975077311
14371768,2025-10-17 20:45:00+05:45,46.71808382670085
14371768,2025-10-17 21:45:00+05:45,53.415583419799795
14371768,2025-10-17 22:45:00+05:45,50.97929159800213
14371768,2025-10-17 23:45:00+05:45,46.51933339436849
14371768,2025-10-18 00:45:00+05:45,49.79666633605958
14371768,2025-10-18 01:45:00+05:45,45.04899978637695
14371768,2025-10-18 02:45:00+05:45,39.95469453599718
14371768,2025-10-18 03:45:00+05:45,40.42750015258789
14371768,2025-10-18 04:45:00+05:45,42.80595849355061
14371768,2025-10-18 05:45:00+05:45,48.1469580968221
14371768,2025-10-18 06:45:00+05:45,50.06316668192545
14371768,2025-10-18 07:45:00+05:45,49.7489441341824
14371768,2025-10-18 08:45:00+05:45,47.85894449022081
14371768,2025-10-18 09:45:00+05:45,52.28369437323676
14371768,2025-10-18 10:45:00+05:45,36.135680728488495
14371768,2025-10-18 11:45:00+05:45,20.36738885773553
14371768,2025-10-18 12:45:00+05:45,11.41047222879198
14372571,2025-10-14 10:45:00+05:45,28.70003706967389
14372571,2025-10-14 11:45:00+05:45,31.779083188374837
14372571,2025-10-14 12:45:00+05:45,26.878222195307412
14372571,2025-10-14 13:45:00+05:45,31.43924984137217
14372571,2025-10-14 14:45:00+05:45,30.272958318392437
14372571,2025-10-14 15:45:00+05:45,33.29298615720537
14372571,2025-10-14 16:45:00+05:45,37.45465251074896
14372571,2025-10-14 17:45:00+05:45,44.08554159800212
14372571,2025-10-14 18:45:00+05:45,42.29054152170817
14372571,2025-10-14 19:45:00+05:45,48.32541643778483
14372571,2025-10-14 20:45:00+05:45,58.465166600545246
14372571,2025-10-14 21:45:00+05:45,55.40308354695639
14372571,2025-10-14 22:45:00+05:45,43.46056961483426
14372571,2025-10-14 23:45:00+05:45,46.75033340454101
14372571,2025-10-15 00:45:00+05:45,40.74074986775716
14372571,2025-10-15 01:45:00+05:45,37.8859444088406
14372571,2025-10-15 02:45:00+05:45,47.079083379109704
14372571,2025-10-15 03:45:00+05:45,38.28383344014485
14372571,2025-10-15 04:45:00+05:45,41.18736131456163
14372571,2025-10-15 05:45:00+05:45,47.98729178110758
14372571,2025-10-15 06:45:00+05:45,58.78400001525878
14372571,2025-10-15 07:45:00+05:45,56.6320416132609
14372571,2025-10-15 08:45:00+05:45,48.00787461598714
14372571,2025-10-15 09:45:00+05:45,49.48859725528293
14372571,2025-10-15 10:45:00+05:45,49.64229170481365
14372571,2025-10-15 11:45:00+05:45,28.864458139737447
14372571,2025-10-15 12:45:00+05:45,23.969166660308833
14372571,2025-10-15 13:45:00+05:45,18.314152783817715
14372571,2025-10-15 14:45:00+05:45,19.8266527891159
14372571,2025-10-15 15:45:00+05:45,21.41120832496219
14372571,2025-10-15 16:45:00+05:45,30.26518059306675
14372571,2025-10-15 17:45:00+05:45,39.725194210476346
14372571,2025-10-15 18:45:00+05:45,38.35970837275187
14372571,2025-10-15 19:45:00+05:45,42.33201385074192
14372571,2025-10-15 20:45:00+05:45,39.46433308919271
14372571,2025-10-15 21:45:00+05:45,40.17154165903727
14372571,2025-10-15 22:45:00+05:45,40.22995827992757
14372571,2025-10-15 23:45:00+05:45,36.73884708616468
14372571,2025-10-16 00:45:00+05:45,31.408458264668784
14372571,2025-10-16 01:45:00+05:45,32.46291658878326
14372571,2025-10-16 02:45:00+05:45,30.80627771483527
14372571,2025-10-16 03:45:00+05:45,31.162291582425436
14372571,2025-10-16 04:45:00+05:45,33.189958469072984
14372571,2025-10-16 05:45:00+05:45,43.99929167429607
14372571,2025-10-16 06:45:00+05:45,52.55600013732911
14372571,2025-10-16 07:45:00+05:45,55.02127727932401
14372571,2025-10-16 08:45:00+05:45,49.55099983215331
14372571,2025-10-16 09:45:00+05:45,40.485249837239586
14372571,2025-10-16 10:45:00+05:45,34.247596777809996
14372571,2025-10-16 11:45:00+05:45,31.24845836162567
14372571,2025-10-16 12:45:00+05:45,24.130375011761988
14372571,2025-10-16 14:45:00+05:45,24.51759089556607
14372571,2025-10-16 15:45:00+05:45,25.50627776781718
14372571,2025-10-16 16:45:00+05:45,28.970930541886226
14372571,2025-10-16 17:45:00+05:45,35.46516681247288
14372571,2025-10-16 18:45:00+05:45,34.570416863759355
14372571,2025-10-16 19:45:00+05:45,44.68454138437907
14372571,2025-10-16 20:45:00+05:45,44.016375287373855
14372571,2025-10-16 21:45:00+05:45,37.70031926896837
14372571,2025-10-16 22:45:00+05:45,49.01468037499322
14372571,2025-10-16 23:45:00+05:45,42.05458323160807
14372571,2025-10-17 00:45:00+05:45,38.54370835622152
14372571,2025-10-17 01:45:00+05:45,36.518000030517584
14372571,2025-10-17 02:45:00+05:45,37.04023626115587
14372571,2025-10-17 03:45:00+05:45,39.02948606279161
14372571,2025-10-17 04:45:00+05:45,41.124041557312005
14372571,2025-10-17 05:45:00+05:45,48.52533315022787
14372571,2025-10-17 06:45:00+05:45,58.8714722527398
14372571,2025-10-17 07:45:00+05:45,49.25333315531413
14372571,2025-10-17 08:45:00+05:45,47.27944454616969
14372571,2025-10-17 09:45:00+05:45,43.595305591159395
14372571,2025-10-17 10:45:00+05:45,33.717596965365935
14372571,2025-10-17 11:45:00+05:45,36.666250046094255
14372571,2025-10-17 12:45:00+05:45,31.326555498441063
14372571,2025-10-17 13:45:00+05:45,28.70229168732961
14372571,2025-10-17 14:45:00+05:45,29.190444334348044
14372571,2025-10-17 15:45:00+05:45,28.76837499671512
14372571,2025-10-17 16:45:00+05:45,33.08422223197089
14372571,2025-10-17 17:45:00+05:45,43.16941668192545
14372571,2025-10-17 18:45:00+05:45,38.450666681925455
14372571,2025-10-17 19:45:00+05:45,42.29701387617323
14372571,2025-10-17 20:45:00+05:45,44.42808354695638
14372571,2025-10-17 21:45:00+05:45,40.83676391177707
14372571,2025-10-17 22:45:00+05:45,41.54263848198784
14372571,2025-10-17 23:45:00+05:45,44.75577765570747
14372571,2025-10-18 00:45:00+05:45,38.794388919406465
14372571,2025-10-18 01:45:00+05:45,39.697138553195536
14372571,2025-10-18 02:45:00+05:45,36.13176398807102
14372571,2025-10-18 03:45:00+05:45,36.7576250076294
14372571,2025-10-18 04:45:00+05:45,40.7527083714803
14372571,2025-10-18 05:45:00+05:45,44.55466677347819
14372571,2025-10-18 06:45:00+05:45,53.72154554887251
14372571,2025-10-18 07:45:00+05:45,49.87845834096274
14372571,2025-10-18 08:45:00+05:45,45.464125251770014
14372571,2025-10-18 09:45:00+05:45,43.17787494659424
14372571,2025-10-18 10:45:00+05:45,34.474138622813754
14372571,2025-10-18 11:45:00+05:45,18.165111101998225
14372571,2025-10-18 12:45:00+05:45,12.572097219361202
14372571,2025-10-18 13:45:00+05:45,32.20954184532166
14372571,2025-10-18 14:45:00+05:45,29.649569492869905
14372566,2025-10-14 11:45:00+05:45,27.948583670457204
14372566,2025-10-14 12:45:00+05:45,25.40862500667572
14372566,2025-10-14 13:45:00+05:45,29.701681795987216
14372566,2025-10-14 14:45:00+05:45,30.38063882721795
14372566,2025-10-14 15:45:00+05:45,31.805499800046288
14372566,2025-10-14 16:45:00+05:45,34.886541779836016
14372566,2025-10-14 17:45:00+05:45,42.16912479400636
14372566,2025-10-14 18:45:00+05:45,47.035749435424805
14372566,2025-10-14 19:45:00+05:45,44.82863879733616
14372566,2025-10-14 20:45:00+05:45,50.734333165486646
14372566,2025-10-14 21:45:00+05:45,58.99349975585937
14372566,2025-10-14 22:45:00+05:45,46.57495848337809
14372566,2025-10-14 23:45:00+05:45,46.8841108110216
14372566,2025-10-15 00:45:00+05:45,42.02533353169759
14372566,2025-10-15 01:45:00+05:45,39.8720417658488
14372566,2025-10-15 02:45:00+05:45,38.92531914181179
14372566,2025-10-15 03:45:00+05:45,42.240847418043344
14372566,2025-10-15 04:45:00+05:45,43.334916559855145
14372566,2025-10-15 05:45:00+05:45,59.735819350348585
14372566,2025-10-15 06:45:00+05:45,58.441583379109694
14372566,2025-10-15 07:45:00+05:45,47.279639010959194
14372566,2025-10-15 08:45:00+05:45,54.761180644565165
14372566,2025-10-15 09:45:00+05:45,52.517981437400536
14372566,2025-10-15 10:45:00+05:45,43.53009527297247
14372566,2025-10-15 11:45:00+05:45,23.4600834051768
14372566,2025-10-15 12:45:00+05:45,18.687930554813807
14372566,2025-10-15 13:45:00+05:45,11.545083332061768
14372566,2025-10-15 14:45:00+05:45,18.36747222476535
14372566,2025-10-15 15:45:00+05:45,20.56820833683014
14372566,2025-10-15 16:45:00+05:45,26.07841668128968
14372566,2025-10-15 17:45:00+05:45,31.259499955177308
14372566,2025-10-15 18:45:00+05:45,34.128833142916356
14372566,2025-10-15 19:45:00+05:45,34.5374997138977
14372566,2025-10-15 20:45:00+05:45,36.9291526582506
14372566,2025-10-15 21:45:00+05:45,32.889999792310924
14372566,2025-10-15 22:45:00+05:45,35.81715254253812
14372566,2025-10-15 23:45:00+05:45,33.278374608357744
14372566,2025-10-16 00:45:00+05:45,31.603486106130813
14372566,2025-10-16 01:45:00+05:45,59.33104046185811
14372566,2025-10-16 02:45:00+05:45,78.72113935682508
14372566,2025-10-16 03:45:00+05:45,36.3193332195282
14372566,2025-10-16 04:45:00+05:45,41.925235949622255
14372566,2025-10-16 05:45:00+05:45,41.53429152170817
14372566,2025-10-16 06:45:00+05:45,73.34620850880941
14372566,2025-10-16 07:45:00+05:45,44.44045823415121
14372566,2025-10-16 08:45:00+05:45,42.691541735331214
14372566,2025-10-16 09:45:00+05:45,39.616041755676264
14372566,2025-10-16 10:45:00+05:45,41.55847222010295
14372566,2025-10-16 11:45:00+05:45,33.486902832984924
14372566,2025-10-16 12:45:00+05:45,30.54169433116913
14372566,2025-10-16 13:45:00+05:45,24.176902784241573
14372566,2025-10-16 14:45:00+05:45,22.360541669527688
14372566,2025-10-16 15:45:00+05:45,26.61648611227671
14372566,2025-10-16 16:45:00+05:45,26.55231944455041
14372566,2025-10-16 17:45:00+05:45,61.59991629123687
14372566,2025-10-16 18:45:00+05:45,47.629819340176056
14372566,2025-10-16 19:45:00+05:45,38.795027584499785
14372566,2025-10-16 20:45:00+05:45,43.18811115688748
14372566,2025-10-16 21:45:00+05:45,47.12152777777778
14372566,2025-10-16 22:45:00+05:45,45.71958351135254
14372566,2025-10-16 23:45:00+05:45,39.43399963378906
14372566,2025-10-17 00:45:00+05:45,40.40579191843669
14372566,2025-10-17 01:45:00+05:45,38.019680425855846
14372566,2025-10-17 02:45:00+05:45,40.99345849355062
14372566,2025-10-17 03:45:00+05:45,43.10491650899251
14372566,2025-10-17 04:45:00+05:45,47.24691683451334
14372566,2025-10-17 05:45:00+05:45,46.50670846303304
14372566,2025-10-17 06:45:00+05:45,51.28512477874756
14372566,2025-10-17 07:45:00+05:45,45.32600008646647
14372566,2025-10-17 08:45:00+05:45,41.69366671244303
14372566,2025-10-17 09:45:00+05:45,43.39566650390625
14372566,2025-10-17 10:45:00+05:45,32.90162511666616
14372566,2025-10-17 11:45:00+05:45,36.67093066109552
14372566,2025-10-17 12:45:00+05:45,38.483333592944675
14372566,2025-10-17 13:45:00+05:45,27.944486106766593
14372566,2025-10-17 14:45:00+05:45,27.449874997138977
14372566,2025-10-17 15:45:00+05:45,29.839416805903113
14372566,2025-10-17 16:45:00+05:45,31.46874993112353
14372566,2025-10-17 17:45:00+05:45,38.80318071577285
14372566,2025-10-17 18:45:00+05:45,42.59379164377848
14372566,2025-10-17 19:45:00+05:45,41.60858319600423
14372566,2025-10-17 20:45:00+05:45,46.85702798631456
14372566,2025-10-17 21:45:00+05:45,58.08356918758816
14372566,2025-10-17 22:45:00+05:45,62.64987506866455
14372566,2025-10-17 23:45:00+05:45,54.413250096639
14372566,2025-10-18 00:45:00+05:45,41.22199999491374
14372566,2025-10-18 01:45:00+05:45,39.17418049706353
14372566,2025-10-18 02:45:00+05:45,40.142749786376946
14372566,2025-10-18 03:45:00+05:45,39.07997228834364
14372566,2025-10-18 04:45:00+05:45,39.96820824941
14372566,2025-10-18 05:45:00+05:45,46.2668471230401
14372566,2025-10-18 06:45:00+05:45,51.662791887919106
14372566,2025-10-18 07:45:00+05:45,49.031930436028375
14372566,2025-10-18 08:45:00+05:45,45.5326250076294
14372566,2025-10-18 09:45:00+05:45,44.160333379109694
14372566,2025-10-18 10:45:00+05:45,38.33104205926259
14372566,2025-10-18 11:45:00+05:45,11.649291666348777
14372566,2025-10-18 12:45:00+05:45,8.22162500222524
14372566,2025-10-18 13:45:00+05:45,29.20597214433882
14372566,2025-10-18 14:45:00+05:45,25.09408334096273
14372847,2025-10-14 12:45:00+05:45,26.671909083742083
14372847,2025-10-14 13:45:00+05:45,28.92174995210436
14372847,2025-10-14 14:45:00+05:45,32.71786109076606
14372847,2025-10-14 15:45:00+05:45,29.656833288404673
14372847,2025-10-14 16:45:00+05:45,33.69508335590362
14372847,2025-10-14 17:45:00+05:45,39.067680252922905
14372847,2025-10-14 18:45:00+05:45,42.881500244140625
14372847,2025-10-14 19:45:00+05:45,45.590972349378795
14372847,2025-10-14 20:45:00+05:45,44.27459757063124
14372847,2025-10-14 21:45:00+05:45,47.24151384565565
14372847,2025-10-14 22:45:00+05:45,41.09312496185303
14372847,2025-10-14 23:45:00+05:45,39.65019421047635
14372847,2025-10-15 00:45:00+05:45,39.25306928422716
14372847,2025-10-15 01:45:00+05:45,38.23020814259847
14372847,2025-10-15 02:45:00+05:45,38.33416671752929
14372847,2025-10-15 03:45:00+05:45,36.884611172146265
14372847,2025-10-15 04:45:00+05:45,39.329833348592125
14372847,2025-10-15 05:45:00+05:45,44.787333170572914
14372847,2025-10-15 06:45:00+05:45,45.18718178488992
14372847,2025-10-15 07:45:00+05:45,49.489764044019914
14372847,2025-10-15 08:45:00+05:45,53.34054152170817
14372847,2025-10-15 09:45:00+05:45,49.29041697184244
14372847,2025-10-15 10:45:00+05:45,43.71598623063829
14372847,2025-10-15 11:45:00+05:45,29.28405553234948
14372847,2025-10-15 12:45:00+05:45,21.53220833937327
14372847,2025-10-15 13:45:00+05:45,15.536625006463792
14372847,2025-10-15 14:45:00+05:45,16.72015278869205
14372847,2025-10-15 15:45:00+05:45,22.914833323160806
14372847,2025-10-15 16:45:00+05:45,26.94425926208496
14372847,2025-10-15 17:45:00+05:45,39.287250137329096
14372847,2025-10-15 18:45:00+05:45,38.88188917371962
14372847,2025-10-15 19:45:00+05:45,40.39862524668376
14372847,2025-10-15 20:45:00+05:45,44.83291702270507
14372847,2025-10-15 21:45:00+05:45,43.07487506866454
14372847,2025-10-15 22:45:00+05:45,43.03016649881999
14372847,2025-10-15 23:45:00+05:45,38.03645814259847
14372847,2025-10-16 00:45:00+05:45,35.19588860405816
14372847,2025-10-16 01:45:00+05:45,56.296916453043615
14372847,2025-10-16 02:45:00+05:45,39.68562536239624
14372847,2025-10-16 03:45:00+05:45,33.243083429336544
14372847,2025-10-16 04:45:00+05:45,36.33070863087972
14372847,2025-10-16 05:45:00+05:45,33.81966654459635
14372847,2025-10-16 06:45:00+05:45,44.4725137286716
14372847,2025-10-16 07:45:00+05:45,43.19020837148031
14372847,2025-10-16 08:45:00+05:45,48.08125
14372847,2025-10-16 09:45:00+05:45,47.0940277841356
14372847,2025-10-16 10:45:00+05:45,34.70812505086263
14372847,2025-10-16 16:45:00+05:45,28.24427777396308
14372847,2025-10-16 17:45:00+05:45,35.82865250905355
14372847,2025-10-16 18:45:00+05:45,38.91145814259847
14372847,2025-10-16 19:45:00+05:45,39.59854170481364
14372847,2025-10-16 20:45:00+05:45,41.06686125861274
14372847,2025-10-16 21:45:00+05:45,45.910041872660315
14372847,2025-10-16 22:45:00+05:45,42.45141626993816
14372847,2025-10-16 23:45:00+05:45,49.458083343505855
14372847,2025-10-17 00:45:00+05:45,50.87216631571451
14372847,2025-10-17 01:45:00+05:45,40.9828055911594
14372847,2025-10-17 02:45:00+05:45,39.33616650899251
14372847,2025-10-17 03:45:00+05:45,35.65858319600423
14372847,2025-10-17 04:45:00+05:45,36.93262500762939
14372847,2025-10-17 05:45:00+05:45,40.5196252822876
14372847,2025-10-17 06:45:00+05:45,45.06338890923394
14372847,2025-10-17 07:45:00+05:45,43.5472916285197
14372847,2025-10-17 08:45:00+05:45,53.01527752346464
14372847,2025-10-17 09:45:00+05:45,39.450027762518985
14372847,2025-10-17 10:45:00+05:45,29.209805605146624
14372847,2025-10-17 11:45:00+05:45,18.90608328978221
14372847,2025-10-17 12:45:00+05:45,34.81050004959106
14372847,2025-10-17 13:45:00+05:45,29.553847175174297
14372847,2025-10-17 14:45:00+05:45,27.240680559476218
14372847,2025-10-17 15:45:00+05:45,30.765916760762533
14372847,2025-10-17 16:45:00+05:45,32.02977760897742
14372847,2025-10-17 17:45:00+05:45,37.580861070421015
14372847,2025-10-17 18:45:00+05:45,41.08629144032796
14372847,2025-10-17 19:45:00+05:45,40.53891665140788
14372847,2025-10-17 20:45:00+05:45,42.88919440375434
14372847,2025-10-17 21:45:00+05:45,40.68930545383029
14372847,2025-10-17 22:45:00+05:45,41.7288889143202
14372847,2025-10-17 23:45:00+05:45,37.78499984741211
14372847,2025-10-18 00:45:00+05:45,37.14823606279161
14372847,2025-10-18 01:45:00+05:45,40.45688904656304
14372847,2025-10-18 02:45:00+05:45,37.5247501373291
14372847,2025-10-18 03:45:00+05:45,34.731666819254556
14372847,2025-10-18 04:45:00+05:45,36.88191668192545
14372847,2025-10-18 05:45:00+05:45,39.803291765848805
14372847,2025-10-18 06:45:00+05:45,44.70475006103515
14372847,2025-10-18 07:45:00+05:45,51.37245820363362
14372847,2025-10-18 08:45:00+05:45,59.79781911638048
14372847,2025-10-18 09:45:00+05:45,49.12908350626629
14372847,2025-10-18 10:45:00+05:45,34.39099995295207
14372847,2025-10-18 11:45:00+05:45,28.351527733272977
14372847,2025-10-18 12:45:00+05:45,10.121875013245475
14372847,2025-10-18 13:45:00+05:45,9.070875000953674
14372847,2025-10-18 14:45:00+05:45,22.992486108673944
14372847,2025-10-18 15:45:00+05:45,25.28816666603089
14372847,2025-10-18 16:45:00+05:45,33.22605545255873
14372847,2025-10-18 17:45:00+05:45,35.1755412419637
14372847,2025-10-18 18:45:00+05:45,38.42004172007243
14372847,2025-10-18 19:45:00+05:45,34.09616680145263
14372847,2025-10-18 20:45:00+05:45,34.28316683504317
14372576,2025-10-14 11:45:00+05:45,32.97001655260721
14372576,2025-10-14 12:45:00+05:45,31.44818043973711
14372576,2025-10-14 13:45:00+05:45,36.50125007629395
14372576,2025-10-14 14:45:00+05:45,34.434138192070854
14372576,2025-10-14 15:45:00+05:45,38.60459724002414
14372576,2025-10-14 16:45:00+05:45,44.67912464141846
14372576,2025-10-14 17:45:00+05:45,47.98719461229113
14372576,2025-10-14 18:45:00+05:45,57.38024978637696
14372576,2025-10-14 19:45:00+05:45,49.90933316548666
14372576,2025-10-14 20:45:00+05:45,45.568361070421
14372576,2025-10-14 21:45:00+05:45,48.45574989318848
14372576,2025-10-14 22:45:00+05:45,50.05199966430664
14372576,2025-10-14 23:45:00+05:45,46.99962520599365
14372576,2025-10-15 00:45:00+05:45,47.31351384056939
14372576,2025-10-15 01:45:00+05:45,46.46904150644939
14372576,2025-10-15 02:45:00+05:45,46.58283322652181
14372576,2025-10-15 03:45:00+05:45,47.05518088870579
14372576,2025-10-15 04:45:00+05:45,50.21416689554851
14372576,2025-10-15 05:45:00+05:45,51.713124656677245
14372576,2025-10-15 06:45:00+05:45,60.866750335693354
14372576,2025-10-15 07:45:00+05:45,53.42354132334392
14372576,2025-10-15 08:45:00+05:45,52.89556933508979
14372576,2025-10-15 09:45:00+05:45,44.29320824940999
14372576,2025-10-15 10:45:00+05:45,40.137250137329104
14372576,2025-10-15 11:45:00+05:45,33.569527382320835
14372576,2025-10-15 12:45:00+05:45,31.98795872529348
14372576,2025-10-15 13:45:00+05:45,26.05049999554952
14372576,2025-10-15 14:45:00+05:45,21.21225000487433
14372576,2025-10-15 15:45:00+05:45,26.38602777587043
14372576,2025-10-15 16:45:00+05:45,31.98408331871032
14372576,2025-10-15 17:45:00+05:45,47.13237527211506
14372576,2025-10-15 18:45:00+05:45,35.719791467984514
14372576,2025-10-15 19:45:00+05:45,30.505291724205023
14372576,2025-10-15 20:45:00+05:45,40.097610770331485
14372576,2025-10-15 21:45:00+05:45,50.28154188791911
14372576,2025-10-15 22:45:00+05:45,61.07152777777779
14372576,2025-10-15 23:45:00+05:45,80.61693053775365
14372576,2025-10-16 00:45:00+05:45,47.484513876173224
14372576,2025-10-16 01:45:00+05:45,40.033000183105464
14372576,2025-10-16 02:45:00+05:45,38.82405556572808
14372576,2025-10-16 03:45:00+05:45,39.22454153696696
14372576,2025-10-16 04:45:00+05:45,40.00641657511393
14372576,2025-10-16 05:45:00+05:45,41.7776253382365
14372576,2025-10-16 06:45:00+05:45,49.09766680399576
14372576,2025-10-16 07:45:00+05:45,47.65479170481364
14372576,2025-10-16 08:45:00+05:45,48.22558339436849
14372576,2025-10-16 09:45:00+05:45,45.35997233920628
14372576,2025-10-16 10:45:00+05:45,40.54874992370606
14372576,2025-10-16 11:45:00+05:45,38.96175003051758
14372576,2025-10-16 12:45:00+05:45,31.848000144958498
14372576,2025-10-16 13:45:00+05:45,30.01019991556803
14372576,2025-10-16 14:45:00+05:45,30.360875066121423
14372576,2025-10-16 15:45:00+05:45,31.2615416208903
14372576,2025-10-16 16:45:00+05:45,34.75441652933757
14372576,2025-10-16 17:45:00+05:45,40.07487497329713
14372576,2025-10-16 18:45:00+05:45,45.95208295186361
14372576,2025-10-16 19:45:00+05:45,44.61645806630452
14372576,2025-10-16 20:45:00+05:45,43.0421385023329
14372576,2025-10-16 21:45:00+05:45,41.900999832153325
14372576,2025-10-16 22:45:00+05:45,41.88145821889241
14372576,2025-10-16 23:45:00+05:45,40.25054175059001
14372576,2025-10-17 00:45:00+05:45,40.371527904934354
14372576,2025-10-17 01:45:00+05:45,39.960041491190594
14372576,2025-10-17 02:45:00+05:45,42.084833653767895
14372576,2025-10-17 03:45:00+05:45,43.31579138437906
14372576,2025-10-17 04:45:00+05:45,43.92991701761881
14372576,2025-10-17 05:45:00+05:45,50.68470834096272
14372576,2025-10-17 06:45:00+05:45,52.25656965043809
14372576,2025-10-17 07:45:00+05:45,60.69016710917156
14372576,2025-10-17 08:45:00+05:45,54.43281934526232
14372576,2025-10-17 09:45:00+05:45,49.888527721828886
14372576,2025-10-17 10:45:00+05:45,45.5051668802897
14372576,2025-10-17 11:45:00+05:45,44.796458371480306
14372576,2025-10-17 12:45:00+05:45,42.19656954871284
14372576,2025-10-17 13:45:00+05:45,34.39030554029677
14372576,2025-10-17 14:45:00+05:45,33.81145838896433
14372576,2025-10-17 15:45:00+05:45,34.25616670449575
14372576,2025-10-17 16:45:00+05:45,41.042041492462154
14372576,2025-10-17 17:45:00+05:45,41.23162517547608
14372576,2025-10-17 18:45:00+05:45,45.62537517547607
14372576,2025-10-17 19:45:00+05:45,45.004388639662
14372576,2025-10-17 20:45:00+05:45,44.28893053266737
14372576,2025-10-17 21:45:00+05:45,46.25691642761231
14372576,2025-10-17 22:45:00+05:45,44.47962500254314
14372576,2025-10-17 23:45:00+05:45,44.3092775132921
14372576,2025-10-18 00:45:00+05:45,45.58812478383382
14372576,2025-10-18 01:45:00+05:45,45.45970821380615
14372576,2025-10-18 02:45:00+05:45,44.89743082258436
14372576,2025-10-18 03:45:00+05:45,46.24047224256728
14372576,2025-10-18 04:45:00+05:45,47.10472229851617
14372576,2025-10-18 05:45:00+05:45,55.10240272945828
14372576,2025-10-18 06:45:00+05:45,53.86369416978624
14372576,2025-10-18 07:45:00+05:45,50.6561663309733
14372576,2025-10-18 08:45:00+05:45,48.077833302815755
14372576,2025-10-18 09:45:00+05:45,43.1853333791097
14372576,2025-10-18 10:45:00+05:45,32.03483341270023
14372576,2025-10-18 11:45:00+05:45,27.514791639645896
14372576,2025-10-18 12:45:00+05:45,40.70024989446003
14372576,2025-10-18 13:45:00+05:45,38.97876398298475
14372576,2025-10-18 14:45:00+05:45,37.3285836537679
14382736,2025-10-15 15:45:00+05:45,23.57019046601795
14382736,2025-10-15 16:45:00+05:45,27.322277768452963
14382736,2025-10-15 17:45:00+05:45,34.75597203572591
14382736,2025-10-15 18:45:00+05:45,36.450791613260904
14382736,2025-10-15 19:45:00+05:45,48.230986383226174
14382736,2025-10-15 20:45:00+05:45,40.6322914759318
14382736,2025-10-15 21:45:00+05:45,39.67112483978271
14382736,2025-10-15 22:45:00+05:45,36.77115298377144
14382736,2025-10-15 23:45:00+05:45,31.274250109990437
14382736,2025-10-16 00:45:00+05:45,33.80979184309641
14382736,2025-10-16 01:45:00+05:45,27.15187486012777
14382736,2025-10-16 02:45:00+05:45,21.897263895140753
14382736,2025-10-16 03:45:00+05:45,24.39508333206177
14382736,2025-10-16 04:45:00+05:45,24.235000006357826
14382736,2025-10-16 05:45:00+05:45,33.401583215925434
14382736,2025-10-16 06:45:00+05:45,34.14183320999146
14382736,2025-10-16 07:45:00+05:45,45.65043070051405
14382736,2025-10-16 08:45:00+05:45,46.3434027141995
14382736,2025-10-16 09:45:00+05:45,46.9991385989719
14382736,2025-10-16 10:45:00+05:45,41.010444174872504
14564638,2025-11-06 10:45:00+05:45,45.895555708143455
14564638,2025-11-06 11:45:00+05:45,23.873916538556415
14564638,2025-11-06 12:45:00+05:45,21.012458364168804
14564638,2025-11-06 13:45:00+05:45,17.755000003178914
14564638,2025-11-06 14:45:00+05:45,18.885041713714603
14564638,2025-11-06 15:45:00+05:45,22.37866667111715
14564638,2025-11-06 16:45:00+05:45,27.87524995009105
14564638,2025-11-06 17:45:00+05:45,31.897875014940904
14564638,2025-11-06 18:45:00+05:45,23.120833317438763
14564638,2025-11-06 19:45:00+05:45,27.65670832792918
14564638,2025-11-06 20:45:00+05:45,26.558166694641113
14564638,2025-11-06 21:45:00+05:45,20.038583342234293
14564638,2025-11-06 22:45:00+05:45,21.346916675567627
14564638,2025-11-06 23:45:00+05:45,28.00358336766561
14564638,2025-11-07 00:45:00+05:45,19.101000006993612
14564638,2025-11-07 01:45:00+05:45,21.261666663487755
14564638,2025-11-07 02:45:00+05:45,24.989208332697547
14564638,2025-11-07 03:45:00+05:45,26.57633336385091
14564638,2025-11-07 04:45:00+05:45,33.13529169559479
14564638,2025-11-07 05:45:00+05:45,41.12487510045369
14564638,2025-11-07 06:45:00+05:45,56.9448751449585
14564638,2025-11-07 07:45:00+05:45,40.93350028991699
14564638,2025-11-07 08:45:00+05:45,40.88870843251546
14564638,2025-11-07 09:45:00+05:45,48.321874809265125
14564638,2025-11-07 10:45:00+05:45,39.05470842520396
14564638,2025-11-07 11:45:00+05:45,28.901541646321615
14564638,2025-11-07 12:45:00+05:45,30.387583406766257
14564638,2025-11-07 13:45:00+05:45,15.605416631698608
14564638,2025-11-07 14:45:00+05:45,18.110999981562298
14564638,2025-11-07 15:45:00+05:45,22.645874921480814
14564638,2025-11-07 16:45:00+05:45,25.82754167715709
14564638,2025-11-07 17:45:00+05:45,25.117291665077207
14564638,2025-11-07 18:45:00+05:45,33.42366649309794
14564638,2025-11-07 19:45:00+05:45,30.67400003780018
14564638,2025-11-07 20:45:00+05:45,28.013124998410543
14564638,2025-11-07 21:45:00+05:45,33.11008329391479
14564638,2025-11-07 22:45:00+05:45,32.63137483596802
14564638,2025-11-07 23:45:00+05:45,30.971291677157083
14564638,2025-11-08 00:45:00+05:45,30.91695468209007
14564638,2025-11-08 01:45:00+05:45,32.21912503242493
14564638,2025-11-08 02:45:00+05:45,34.640583260854086
14564638,2025-11-08 03:45:00+05:45,35.44983332157135
14564638,2025-11-08 04:45:00+05:45,37.016083272298175
14564638,2025-11-08 05:45:00+05:45,44.56254126230876
14564638,2025-11-08 06:45:00+05:45,46.222928401402065
14564638,2025-11-08 10:45:00+05:45,44.09533284505208
14564638,2025-11-08 12:45:00+05:45,29.12833334604899
14564638,2025-11-08 13:45:00+05:45,25.959666697184247
14564638,2025-11-08 14:45:00+05:45,17.106208332379662
14564638,2025-11-08 15:45:00+05:45,26.249569328625995
14564638,2025-11-08 16:45:00+05:45,26.421861102845934
14564638,2025-11-08 17:45:00+05:45,33.48083305358886
14564638,2025-11-08 18:45:00+05:45,36.00272747386585
14564638,2025-11-08 19:45:00+05:45,35.74100030263265
14564638,2025-11-08 20:45:00+05:45,39.94400024414062
14564638,2025-11-08 21:45:00+05:45,48.12733357747396
14564638,2025-11-08 22:45:00+05:45,32.60722721273249
14564638,2025-11-08 23:45:00+05:45,34.38083321253458
14564638,2025-11-09 00:45:00+05:45,32.075333213806154
14564638,2025-11-09 01:45:00+05:45,36.711499786376955
14564638,2025-11-09 02:45:00+05:45,35.03916651407878
14564638,2025-11-09 03:45:00+05:45,35.13066660563151
14564638,2025-11-09 04:45:00+05:45,38.57700042724609
14564638,2025-11-09 05:45:00+05:45,50.15833333333334
14564638,2025-11-09 06:45:00+05:45,58.033000183105464
14564638,2025-11-09 07:45:00+05:45,46.95333302815755
14564638,2025-11-09 08:45:00+05:45,49.663500213623045
14564638,2025-11-09 09:45:00+05:45,55.61399993896484
14564638,2025-11-09 10:45:00+05:45,46.56183293660482
14564638,2025-11-09 11:45:00+05:45,32.94733336766561
14564638,2025-11-09 12:45:00+05:45,24.089333407084144
14564638,2025-11-09 13:45:00+05:45,21.2943333307902
14564638,2025-11-09 14:45:00+05:45,25.66166664759318
14564638,2025-11-09 15:45:00+05:45,26.06866668065389
14564638,2025-11-09 16:45:00+05:45,32.40266666412354
14564638,2025-11-09 17:45:00+05:45,35.92816645304362
14564638,2025-11-09 18:45:00+05:45,35.58366654713948
14564638,2025-11-09 19:45:00+05:45,38.78066663742065
14564638,2025-11-09 20:45:00+05:45,39.21366678873697
14564638,2025-11-09 21:45:00+05:45,46.811166636149096
14564638,2025-11-09 22:45:00+05:45,42.16399993896484
14564638,2025-11-09 23:45:00+05:45,33.77499990463257
14564638,2025-11-10 00:45:00+05:45,31.44683329264323
14564638,2025-11-10 01:45:00+05:45,31.733333301544192
14564638,2025-11-10 02:45:00+05:45,32.766166814168294
14564638,2025-11-10 03:45:00+05:45,34.91399993896484
14564638,2025-11-10 04:45:00+05:45,39.055666605631515
14564638,2025-11-10 05:45:00+05:45,45.78083318074544
14564638,2025-11-10 06:45:00+05:45,50.545375251770025
14564638,2025-11-10 07:45:00+05:45,43.26666666666667
14564638,2025-11-10 08:45:00+05:45,45.33703063040068
14564638,2025-11-10 09:45:00+05:45,50.81699981689453
14564638,2025-11-10 10:45:00+05:45,42.67466684977214
14564638,2025-11-10 11:45:00+05:45,38.525166575113936
14564638,2025-11-10 12:45:00+05:45,33.70283330281576
14564638,2025-11-10 13:45:00+05:45,22.15305556191338
14564638,2025-11-10 14:45:00+05:45,20.29099998474121
14564638,2025-11-10 15:45:00+05:45,27.90883334477742
14564638,2025-11-10 16:45:00+05:45,29.054999987284344
14564638,2025-11-10 17:45:00+05:45,29.07033338546753
14565153,2025-11-06 11:45:00+05:45,38.5
14565153,2025-11-06 12:45:00+05:45,24.79200000762939
14565153,2025-11-06 13:45:00+05:45,20.204250001907347
14565153,2025-11-06 14:45:00+05:45,19.63416666984558
14565153,2025-11-06 15:45:00+05:45,20.87319444020589
14565153,2025-11-06 16:45:00+05:45,16.02445833683014
14565153,2025-11-06 17:45:00+05:45,19.477583344777425
14565153,2025-11-06 18:45:00+05:45,15.228666655222575
14565153,2025-11-06 19:45:00+05:45,20.47416666348775
14565153,2025-11-06 20:45:00+05:45,28.8939583381017
14565153,2025-11-06 21:45:00+05:45,26.92879167397817
14565153,2025-11-06 22:45:00+05:45,24.391000000635785
14565153,2025-11-06 23:45:00+05:45,21.478999996185298
14565153,2025-11-07 00:45:00+05:45,20.143666680653887
14565153,2025-11-07 01:45:00+05:45,19.459375007947283
14565153,2025-11-07 02:45:00+05:45,22.421333344777427
14565153,2025-11-07 03:45:00+05:45,27.249291650454207
14565153,2025-11-07 04:45:00+05:45,29.591999975840253
14565153,2025-11-07 05:45:00+05:45,38.32366663614909
14565153,2025-11-07 06:45:00+05:45,50.476416651407874
14565153,2025-11-07 07:45:00+05:45,51.121542040507
14565153,2025-11-07 08:45:00+05:45,49.90087528228759
14565153,2025-11-07 09:45:00+05:45,48.69891611735026
14565153,2025-11-07 10:45:00+05:45,42.54375038146973
14565153,2025-11-07 11:45:00+05:45,36.12106931474474
14565153,2025-11-07 12:45:00+05:45,34.76262520949046
14565153,2025-11-07 13:45:00+05:45,26.57504166762034
14565153,2025-11-07 14:45:00+05:45,22.87291666666667
14565153,2025-11-07 15:45:00+05:45,22.992541670799255
14565153,2025-11-07 16:45:00+05:45,27.265083320935563
14565153,2025-11-07 17:45:00+05:45,27.975916655858356
14565153,2025-11-07 18:45:00+05:45,27.572291668256124
14565153,2025-11-07 19:45:00+05:45,26.593409078771415
14565153,2025-11-07 20:45:00+05:45,29.353041505813597
14565153,2025-11-07 21:45:00+05:45,32.45662486553193
14565153,2025-11-07 22:45:00+05:45,30.337083284060157
14565153,2025-11-07 23:45:00+05:45,25.981416686375937
14565153,2025-11-08 00:45:00+05:45,26.03709092573686
14565153,2025-11-08 01:45:00+05:45,28.747291700045267
14565153,2025-11-08 02:45:00+05:45,32.452083277702336
14565153,2025-11-08 03:45:00+05:45,33.017583179473874
14565153,2025-11-08 04:45:00+05:45,36.949402597215446
14565153,2025-11-08 05:45:00+05:45,46.882875251770024
14565153,2025-11-08 06:45:00+05:45,51.816916910807294
14565153,2025-11-08 07:45:00+05:45,51.13787517547607
14565153,2025-11-08 08:45:00+05:45,51.8064998626709
14565153,2025-11-08 09:45:00+05:45,49.594541231791176
14565153,2025-11-08 10:45:00+05:45,42.787875175476074
14565153,2025-11-08 11:45:00+05:45,21.6530833085378
14565153,2025-11-08 12:45:00+05:45,22.4150416692098
14565153,2025-11-08 13:45:00+05:45,29.401208225886027
14565153,2025-11-08 14:45:00+05:45,25.274249998728433
14565153,2025-11-08 15:45:00+05:45,25.114208340644836
14565153,2025-11-08 16:45:00+05:45,27.31900008519491
14565153,2025-11-08 17:45:00+05:45,28.764333375295
14565153,2025-11-08 18:45:00+05:45,31.291166941324875
14565153,2025-11-08 19:45:00+05:45,33.96133324305216
14565153,2025-11-08 20:45:00+05:45,35.11383336385091
14565153,2025-11-08 21:45:00+05:45,32.06666666666667
14565153,2025-11-08 22:45:00+05:45,28.041499996185305
14565153,2025-11-08 23:45:00+05:45,29.89450006484985
14565153,2025-11-09 00:45:00+05:45,28.1028333346049
14565153,2025-11-09 01:45:00+05:45,29.76100006103515
14565153,2025-11-09 02:45:00+05:45,30.472000058492025
14565153,2025-11-09 03:45:00+05:45,35.003166421254484
14565153,2025-11-09 04:45:00+05:45,41.86966654459636
14565153,2025-11-09 05:45:00+05:45,47.41100006103516
14565153,2025-11-09 06:45:00+05:45,57.93316675821939
14565153,2025-11-09 07:45:00+05:45,54.58883336385092
14565153,2025-11-09 08:45:00+05:45,55.550166575113934
14565153,2025-11-09 09:45:00+05:45,43.81666666666666
14565153,2025-11-09 10:45:00+05:45,40.8495002746582
14565153,2025-11-09 11:45:00+05:45,35.24416685104371
14565153,2025-11-09 12:45:00+05:45,34.46841681798299
14565153,2025-11-09 13:45:00+05:45,26.08116668065389
14565153,2025-11-09 14:45:00+05:45,24.992000007629397
14565153,2025-11-09 15:45:00+05:45,32.78649975458781
14565153,2025-11-09 16:45:00+05:45,36.58916651407878
14565153,2025-11-09 17:45:00+05:45,35.51449969609579
14565153,2025-11-09 18:45:00+05:45,35.187888929578996
14565153,2025-11-09 19:45:00+05:45,35.57266642252604
14565153,2025-11-09 20:45:00+05:45,35.79449996948242
14565153,2025-11-09 21:45:00+05:45,35.18600006103515
14565153,2025-11-09 22:45:00+05:45,32.31366672515869
14565153,2025-11-09 23:45:00+05:45,31.27233336766561
14565153,2025-11-10 00:45:00+05:45,31.228166707356767
14565153,2025-11-10 01:45:00+05:45,32.50533342361451
14565153,2025-11-10 02:45:00+05:45,33.17266642252604
14565153,2025-11-10 03:45:00+05:45,32.04466679890951
14565153,2025-11-10 04:45:00+05:45,34.72483336130778
14565153,2025-11-10 05:45:00+05:45,51.78116633097331
14565153,2025-11-10 06:45:00+05:45,55.08083318074544
14565153,2025-11-10 07:45:00+05:45,55.81116663614909
14565153,2025-11-10 08:45:00+05:45,52.78333333333334
14565153,2025-11-10 09:45:00+05:45,44.444666544596366
14565153,2025-11-10 10:45:00+05:45,35.269666512807206
14565153,2025-11-10 11:45:00+05:45,32.22749977111816
14565153,2025-11-10 12:45:00+05:45,37.591833178202315
14565153,2025-11-10 13:45:00+05:45,60.85374984741211
14565153,2025-11-10 14:45:00+05:45,38.64449987411499
14565158,2025-11-06 11:45:00+05:45,49.25
14565158,2025-11-06 12:45:00+05:45,28.694499953587847
14565158,2025-11-06 13:45:00+05:45,21.96504166126251
14565158,2025-11-06 14:45:00+05:45,27.629958375295
14565158,2025-11-06 15:45:00+05:45,34.93758321603139
14565158,2025-11-06 16:45:00+05:45,31.076208511988323
14565158,2025-11-06 17:45:00+05:45,30.75608328183492
14565158,2025-11-06 18:45:00+05:45,32.56666672229767
14565158,2025-11-06 19:45:00+05:45,33.712694700558984
14565158,2025-11-06 20:45:00+05:45,30.094208359718326
14565158,2025-11-06 21:45:00+05:45,34.322541856765746
14565158,2025-11-06 22:45:00+05:45,28.39149992465973
14565158,2025-11-06 23:45:00+05:45,46.71620825131735
14565158,2025-11-07 00:45:00+05:45,24.153125007947292
14565158,2025-11-07 01:45:00+05:45,16.928124992052712
14565158,2025-11-07 02:45:00+05:45,18.500749969482424
14565158,2025-11-07 03:45:00+05:45,28.082791670163473
14565158,2025-11-07 04:45:00+05:45,18.49745832284292
14565158,2025-11-07 05:45:00+05:45,27.5980416059494
14565158,2025-11-07 06:45:00+05:45,36.58987505435944
14565158,2025-11-07 07:45:00+05:45,45.330083084106455
14565158,2025-11-07 08:45:00+05:45,42.90848602718777
14565158,2025-11-07 09:45:00+05:45,39.043666712443034
14565158,2025-11-07 10:45:00+05:45,30.74483332633972
14565158,2025-11-07 11:45:00+05:45,25.1267499367396
14565158,2025-11-07 12:45:00+05:45,25.257708565394083
14565158,2025-11-07 13:45:00+05:45,29.15820833047231
14565158,2025-11-07 14:45:00+05:45,24.407416719860503
14565158,2025-11-07 15:45:00+05:45,30.147749956448877
14565158,2025-11-07 16:45:00+05:45,28.99012492497762
14565158,2025-11-07 17:45:00+05:45,35.927500089009605
14565158,2025-11-07 18:45:00+05:45,47.02687511444091
14565158,2025-11-07 19:45:00+05:45,45.85799976695668
14565158,2025-11-07 20:45:00+05:45,42.79791666666666
14565158,2025-11-07 21:45:00+05:45,38.8064998626709
14565158,2025-11-07 22:45:00+05:45,38.609041659037274
14565158,2025-11-07 23:45:00+05:45,32.75237508614858
14565158,2025-11-08 00:45:00+05:45,27.924318287589337
14565158,2025-11-08 01:45:00+05:45,22.055458331108095
14565158,2025-11-08 02:45:00+05:45,24.042249997456867
14565158,2025-11-08 03:45:00+05:45,31.29416670004527
14565158,2025-11-08 04:45:00+05:45,27.757041668891905
14565158,2025-11-08 05:45:00+05:45,37.14691683451334
14565158,2025-11-08 06:45:00+05:45,43.91920808156331
14565158,2025-11-08 07:45:00+05:45,45.84629179636638
14565158,2025-11-08 08:45:00+05:45,48.91204153696696
14565158,2025-11-08 09:45:00+05:45,50.19095834096273
14565158,2025-11-08 10:45:00+05:45,45.18055568271213
14565158,2025-11-08 11:45:00+05:45,27.00812503761715
14565158,2025-11-08 12:45:00+05:45,14.426999998092652
14565158,2025-11-08 13:45:00+05:45,10.66691667238871
14565158,2025-11-08 14:45:00+05:45,21.83895831902822
14565158,2025-11-08 15:45:00+05:45,22.830166657765705
14565158,2025-11-08 16:45:00+05:45,29.169499969482427
14565158,2025-11-08 17:45:00+05:45,49.79983342488607
14565158,2025-11-08 18:45:00+05:45,56.4287264737216
14565158,2025-11-08 19:45:00+05:45,50.65349960327149
14565158,2025-11-08 20:45:00+05:45,45.19183324178061
14565158,2025-11-08 21:45:00+05:45,44.14499969482423
14565158,2025-11-08 22:45:00+05:45,40.13509077592329
14565158,2025-11-08 23:45:00+05:45,28.997166728973387
14565158,2025-11-09 00:45:00+05:45,23.92466665903727
14565158,2025-11-09 01:45:00+05:45,27.36099999745686
14565158,2025-11-09 02:45:00+05:45,30.042166709899902
14565158,2025-11-09 03:45:00+05:45,30.141499900817873
14565158,2025-11-09 04:45:00+05:45,30.61966673533122
14565158,2025-11-09 05:45:00+05:45,41.69862499237061
14565158,2025-11-09 06:45:00+05:45,57.428124809265135
14565158,2025-11-09 07:45:00+05:45,57.62208302815756
14565158,2025-11-09 08:45:00+05:45,52.6643330891927
14565158,2025-11-09 09:45:00+05:45,51.13600006103516
14565158,2025-11-09 10:45:00+05:45,45.34733327229818
14565158,2025-11-09 11:45:00+05:45,31.246652706464133
14565158,2025-11-09 12:45:00+05:45,26.420374984211396
14565158,2025-11-10 05:45:00+05:45,46.464887830946175
14565158,2025-11-10 06:45:00+05:45,51.097417068481455
14565158,2025-11-10 07:45:00+05:45,56.78640274471707
14565158,2025-11-10 08:45:00+05:45,48.918583043416334
14565158,2025-11-10 09:45:00+05:45,47.96050033569336
14565158,2025-11-10 10:45:00+05:45,30.780833307902014
14565158,2025-11-10 11:45:00+05:45,32.133541544278465
14565158,2025-11-10 12:45:00+05:45,30.82216669718424
14565158,2025-11-10 13:45:00+05:45,27.095583375295003
14565158,2025-11-10 14:45:00+05:45,31.858833376566576
14565158,2025-11-10 15:45:00+05:45,33.5160000483195
14565158,2025-11-10 16:45:00+05:45,37.12216669718425
14565158,2025-11-10 17:45:00+05:45,39.1754997253418
14565158,2025-11-10 18:45:00+05:45,48.41416651407877
14565158,2025-11-10 19:45:00+05:45,52.350666300455735
14565158,2025-11-10 20:45:00+05:45,46.891500091552736
14565158,2025-11-10 21:45:00+05:45,47.802333577473966
14565158,2025-11-10 22:45:00+05:45,39.23050003051758
14565158,2025-11-10 23:45:00+05:45,32.88866678873698
14565158,2025-11-11 00:45:00+05:45,37.511166636149085
14565158,2025-11-11 01:45:00+05:45,36.60616633097331
14565158,2025-11-11 02:45:00+05:45,33.17733354568481
14565158,2025-11-11 03:45:00+05:45,31.99679159323375
14565158,2025-11-11 04:45:00+05:45,37.400666300455725
14565158,2025-11-11 05:45:00+05:45,42.59174995422364
14565158,2025-11-11 06:45:00+05:45,56.952625083923344
14565418,2025-11-06 12:45:00+05:45,24.358500003814697
14565418,2025-11-06 13:45:00+05:45,17.312333313624066
14565418,2025-11-06 14:45:00+05:45,21.90093052917057
14565418,2025-11-06 15:45:00+05:45,28.56379160086314
14565418,2025-11-07 06:45:00+05:45,46.79072223239475
14565418,2025-11-07 07:45:00+05:45,58.175333150227864
14565418,2025-11-07 08:45:00+05:45,49.97000045776367
14565418,2025-11-07 09:45:00+05:45,38.84462490081787
14565418,2025-11-07 10:45:00+05:45,29.836333545049033
14565418,2025-11-07 11:45:00+05:45,24.600791668891905
14565418,2025-11-07 12:45:00+05:45,33.28337512281207
14565418,2025-11-07 13:45:00+05:45,22.027624996503192
14565418,2025-11-07 14:45:00+05:45,20.808458328247067
14565418,2025-11-07 15:45:00+05:45,25.03812499841054
14565418,2025-11-07 16:45:00+05:45,24.661083316802976
14565418,2025-11-07 17:45:00+05:45,31.291083367665607
14565418,2025-11-07 18:45:00+05:45,43.72412474950155
14565418,2025-11-07 19:45:00+05:45,44.073909274014554
14565418,2025-11-07 20:45:00+05:45,42.81404196421306
14565418,2025-11-07 21:45:00+05:45,38.33954168955484
14565418,2025-11-07 22:45:00+05:45,36.58583348592123
14565418,2025-11-07 23:45:00+05:45,32.67337482770284
14565418,2025-11-08 00:45:00+05:45,27.12768181020563
14565418,2025-11-08 01:45:00+05:45,27.061374974250796
14565418,2025-11-08 02:45:00+05:45,28.782833337783813
14565418,2025-11-08 03:45:00+05:45,28.840750034650167
14565418,2025-11-08 04:45:00+05:45,35.04324982961019
14565418,2025-11-08 05:45:00+05:45,46.41820821762084
14565418,2025-11-08 06:45:00+05:45,53.22670815785725
14565418,2025-11-08 07:45:00+05:45,49.97712497711183
14565418,2025-11-08 08:45:00+05:45,68.76275024414062
14565418,2025-11-08 09:45:00+05:45,72.02816683451336
14565418,2025-11-08 10:45:00+05:45,46.9065835316976
14565418,2025-11-08 11:45:00+05:45,21.438041694959008
14565418,2025-11-08 12:45:00+05:45,9.84212501049042
14565418,2025-11-08 13:45:00+05:45,7.883166678746544
14565418,2025-11-08 14:45:00+05:45,21.69599998792012
14565418,2025-11-08 15:45:00+05:45,20.535750007629396
14565418,2025-11-08 16:45:00+05:45,30.02683343887329
14565418,2025-11-08 17:45:00+05:45,45.25549996693929
14565418,2025-11-08 18:45:00+05:45,65.84218195134942
14565418,2025-11-08 19:45:00+05:45,52.57976356082492
14565418,2025-11-08 20:45:00+05:45,52.170000076293945
14565418,2025-11-08 21:45:00+05:45,42.33050003051758
14565418,2025-11-08 22:45:00+05:45,42.90627261075107
14565418,2025-11-08 23:45:00+05:45,36.65550003051758
14565418,2025-11-09 00:45:00+05:45,33.67549966176351
14565418,2025-11-09 01:45:00+05:45,29.802499993642172
14565418,2025-11-09 02:45:00+05:45,27.87966664632161
14565418,2025-11-09 03:45:00+05:45,34.48399963378906
14565418,2025-11-09 04:45:00+05:45,36.54733330408733
14565418,2025-11-09 05:45:00+05:45,46.90849990844726
14565418,2025-11-09 06:45:00+05:45,54.857500076293945
14565418,2025-11-09 07:45:00+05:45,77.60233357747396
14565418,2025-11-09 08:45:00+05:45,88.09216639200845
14565418,2025-11-09 09:45:00+05:45,54.63916651407879
14565418,2025-11-09 10:45:00+05:45,40.49150009155273
14565418,2025-11-09 11:45:00+05:45,29.080666637420652
14565418,2025-11-09 12:45:00+05:45,25.53050006230672
14565418,2025-11-09 13:45:00+05:45,23.007833353678382
14565418,2025-11-09 14:45:00+05:45,23.95816666285197
14565418,2025-11-09 15:45:00+05:45,29.16133329073588
14565418,2025-11-09 16:45:00+05:45,36.047166633605954
14565418,2025-11-09 17:45:00+05:45,39.5856669108073
14565418,2025-11-09 18:45:00+05:45,38.15283330281576
14565418,2025-11-09 19:45:00+05:45,43.50783360799153
14565418,2025-11-09 20:45:00+05:45,43.655999755859376
14565418,2025-11-09 21:45:00+05:45,42.369499969482426
14565418,2025-11-09 22:45:00+05:45,41.76350021362305
14565418,2025-11-09 23:45:00+05:45,33.524833297729494
14565418,2025-11-10 00:45:00+05:45,34.0138334274292
14565418,2025-11-10 01:45:00+05:45,32.65033311843872
14565418,2025-11-10 02:45:00+05:45,28.586166604359946
14565418,2025-11-10 03:45:00+05:45,32.883499972025554
14565418,2025-11-10 04:45:00+05:45,38.77183354695638
14565418,2025-11-10 05:45:00+05:45,45.13188917371962
14565418,2025-11-10 06:45:00+05:45,73.99577755398221
14565418,2025-11-10 07:45:00+05:45,67.27483342488605
14565418,2025-11-10 08:45:00+05:45,71.93633321126303
14565418,2025-11-10 09:45:00+05:45,58.459133199055984
14565418,2025-11-10 10:45:00+05:45,33.96383330027262
14565418,2025-11-10 11:45:00+05:45,23.159041698773706
14565418,2025-11-10 12:45:00+05:45,21.780166657765704
14565418,2025-11-10 13:45:00+05:45,23.21416651407878
14565418,2025-11-10 14:45:00+05:45,32.92466669082641
14565418,2025-11-10 15:45:00+05:45,27.29733333587647
14565418,2025-11-11 06:45:00+05:45,58.35933329264323
14565418,2025-11-11 07:45:00+05:45,58.608666483561194
14565418,2025-11-11 08:45:00+05:45,73.9943333943685
14565418,2025-11-11 09:45:00+05:45,69.34095834096273
14565418,2025-11-11 10:45:00+05:45,45.244667053222656
14565418,2025-11-11 11:45:00+05:45,38.61852797137366
14565418,2025-11-11 12:45:00+05:45,39.69940029144287
14565418,2025-11-11 13:45:00+05:45,25.600333340962724
14565418,2025-11-11 14:45:00+05:45,25.353166707356777
14565418,2025-11-11 15:45:00+05:45,32.585999933878576
14565418,2025-11-11 16:45:00+05:45,37.85299987792968
14565418,2025-11-11 17:45:00+05:45,45.79766642252604
14565418,2025-11-11 18:45:00+05:45,49.113833363850915
14565418,2025-11-11 19:45:00+05:45,55.47549972534179
14565678,2025-11-06 13:45:00+05:45,24.95440000534058
14565678,2025-11-06 14:45:00+05:45,21.269899997711185
14565678,2025-11-06 15:45:00+05:45,23.406416670481367
14565678,2025-11-06 16:45:00+05:45,21.977458341916403
14565678,2025-11-06 17:45:00+05:45,27.168083278338116
14565678,2025-11-06 18:45:00+05:45,26.818166700998944
14565678,2025-11-06 19:45:00+05:45,28.581333303451533
14565678,2025-11-06 20:45:00+05:45,32.048958190282185
14565678,2025-11-06 21:45:00+05:45,32.91358338991801
14565678,2025-11-06 22:45:00+05:45,34.362791593869524
14565678,2025-11-06 23:45:00+05:45,26.1272083679835
14565678,2025-11-07 00:45:00+05:45,23.165166664123536
14565678,2025-11-07 01:45:00+05:45,23.345333337783813
14565678,2025-11-07 02:45:00+05:45,22.725874988238015
14565678,2025-11-07 03:45:00+05:45,26.287458332379657
14565678,2025-11-07 04:45:00+05:45,34.747666629155475
14565678,2025-11-07 05:45:00+05:45,41.11394425498115
14565678,2025-11-07 06:45:00+05:45,51.03899993896485
14565678,2025-11-07 07:45:00+05:45,47.64291674296061
14565678,2025-11-07 08:45:00+05:45,55.65051347944472
14565678,2025-11-07 09:45:00+05:45,48.36841646830241
14565678,2025-11-07 10:45:00+05:45,45.14575042724609
14565678,2025-11-07 11:45:00+05:45,36.7196664651235
14565678,2025-11-07 12:45:00+05:45,39.364166577657066
14565678,2025-11-07 13:45:00+05:45,31.21512133280436
14565678,2025-11-07 14:45:00+05:45,26.140375041961672
14565678,2025-11-07 15:45:00+05:45,25.99324998060862
14565678,2025-11-07 16:45:00+05:45,30.423541871706643
14565678,2025-11-07 17:45:00+05:45,37.36000022888184
14565678,2025-11-07 18:45:00+05:45,31.599541783332825
14565678,2025-11-07 19:45:00+05:45,32.0365910356695
14565678,2025-11-07 20:45:00+05:45,37.29037491480509
14565678,2025-11-07 21:45:00+05:45,51.65533307393392
14565678,2025-11-07 22:45:00+05:45,43.16658299763998
14565678,2025-11-07 23:45:00+05:45,35.79441668192546
14565678,2025-11-08 00:45:00+05:45,36.72422773187811
14565678,2025-11-08 01:45:00+05:45,40.259124946594234
14565678,2025-11-08 02:45:00+05:45,35.013833332061765
14565678,2025-11-08 03:45:00+05:45,38.539250183105466
14565678,2025-11-08 04:45:00+05:45,34.831458218892415
14565678,2025-11-08 05:45:00+05:45,41.118333180745445
14565678,2025-11-08 06:45:00+05:45,51.47058347066243
14565678,2025-11-08 07:45:00+05:45,57.83691660563151
14565678,2025-11-08 08:45:00+05:45,66.18804136912028
14565678,2025-11-08 09:45:00+05:45,56.28833363850912
14565678,2025-11-08 10:45:00+05:45,41.546041584014894
14565678,2025-11-08 11:45:00+05:45,19.516500012079874
14565678,2025-11-08 12:45:00+05:45,25.57141661643982
14565678,2025-11-08 13:45:00+05:45,26.83854163487752
14565678,2025-11-08 14:45:00+05:45,23.065249999364216
14565678,2025-11-08 15:45:00+05:45,26.3587083419164
14565678,2025-11-08 16:45:00+05:45,32.64100016752879
14565678,2025-11-08 17:45:00+05:45,40.34329191843669
14565678,2025-11-08 18:45:00+05:45,37.655090609463784
14565678,2025-11-08 19:45:00+05:45,40.99449996948242
14565678,2025-11-08 20:45:00+05:45,51.544499969482416
14565678,2025-11-08 21:45:00+05:45,43.985833485921226
14565678,2025-11-08 22:45:00+05:45,35.04436354203658
14565678,2025-11-08 23:45:00+05:45,39.15833333333333
14565678,2025-11-09 00:45:00+05:45,39.87783327102661
14565678,2025-11-09 01:45:00+05:45,37.03033345540366
14565678,2025-11-09 02:45:00+05:45,36.35583318074544
14565678,2025-11-09 03:45:00+05:45,39.38066660563151
14565678,2025-11-09 04:45:00+05:45,40.6918332417806
14565678,2025-11-09 05:45:00+05:45,49.679458173116046
14565678,2025-11-09 06:45:00+05:45,59.446986240810816
14565678,2025-11-09 07:45:00+05:45,57.27577798631456
14565678,2025-11-09 08:45:00+05:45,58.454167048136384
14565678,2025-11-09 09:45:00+05:45,53.65334741804335
14565678,2025-11-09 10:45:00+05:45,46.60266672770182
14565678,2025-11-09 11:45:00+05:45,32.322000122070314
14565678,2025-11-09 12:45:00+05:45,35.08333330154419
14565678,2025-11-09 13:45:00+05:45,30.344666735331217
14565678,2025-11-09 14:45:00+05:45,26.533333333333335
14565678,2025-11-09 15:45:00+05:45,29.072500085830686
14565678,2025-11-09 16:45:00+05:45,33.850110944112146
14565678,2025-11-09 17:45:00+05:45,40.07450027465821
14565678,2025-11-09 18:45:00+05:45,40.400333150227866
14565678,2025-11-09 19:45:00+05:45,41.70083287556966
14565678,2025-11-09 20:45:00+05:45,43.51933339436849
14565678,2025-11-09 21:45:00+05:45,51.91149978637694
14565678,2025-11-09 22:45:00+05:45,43.70583318074544
14565678,2025-11-09 23:45:00+05:45,36.20550003051758
14565678,2025-11-10 00:45:00+05:45,35.82799987792969
14565678,2025-11-10 01:45:00+05:45,36.78616663614908
14565678,2025-11-10 02:45:00+05:45,35.24666697184245
14565678,2025-11-10 03:45:00+05:45,39.10283330281576
14565678,2025-11-10 04:45:00+05:45,44.022832997639966
14565678,2025-11-10 05:45:00+05:45,49.59733327229818
14565678,2025-11-10 06:45:00+05:45,52.43316675821941
14565678,2025-11-10 07:45:00+05:45,57.83341700236003
14565678,2025-11-10 08:45:00+05:45,70.09144456651475
14565678,2025-11-10 09:45:00+05:45,50.782090759277345
14565678,2025-11-10 10:45:00+05:45,38.180833180745445
14565678,2025-11-10 11:45:00+05:45,35.588333702087404
14565678,2025-11-10 12:45:00+05:45,43.15283330281576
14565678,2025-11-10 13:45:00+05:45,38.044333426157635
14565678,2025-11-10 14:45:00+05:45,32.33633324305217
14565678,2025-11-10 15:45:00+05:45,30.06683333714803
14565678,2025-11-10 16:45:00+05:45,35.358499908447264
14566457,2025-11-06 15:45:00+05:45,21.864424165089925
14566457,2025-11-06 16:45:00+05:45,20.476749992370607
14566457,2025-11-06 17:45:00+05:45,26.319625004132583
14566457,2025-11-06 18:45:00+05:45,46.02699973583221
14566457,2025-11-06 19:45:00+05:45,44.14426386091444
14566457,2025-11-06 20:45:00+05:45,102.07244347466364
14566457,2025-11-06 21:45:00+05:45,130.94200037638348
14566457,2025-11-06 22:45:00+05:45,40.6438751856486
14566457,2025-11-06 23:45:00+05:45,32.57083344459534
14566457,2025-11-07 00:45:00+05:45,41.074958642323814
14566457,2025-11-07 01:45:00+05:45,36.12076360119714
14566457,2025-11-07 02:45:00+05:45,25.55795834064483
14566457,2025-11-07 03:45:00+05:45,42.72604154745738
14566457,2025-11-07 04:45:00+05:45,38.887889152103
14566457,2025-11-07 05:45:00+05:45,56.44466692606608
14566457,2025-11-07 06:45:00+05:45,50.74575004577636
14566457,2025-11-07 07:45:00+05:45,58.963666407267254
14566457,2025-11-07 08:45:00+05:45,50.19961132473416
14566457,2025-11-07 09:45:00+05:45,37.73570814132691
14566457,2025-11-07 10:45:00+05:45,32.544791809717815
14566457,2025-11-07 11:45:00+05:45,23.296541666984556
14566457,2025-11-07 12:45:00+05:45,23.51906944645776
14566457,2025-11-07 13:45:00+05:45,27.765363563190807
14566457,2025-11-09 08:45:00+05:45,66.67766672770182
14566457,2025-11-09 09:45:00+05:45,51.52233327229817
14566457,2025-11-09 10:45:00+05:45,37.98633321126302
14566457,2025-11-09 11:45:00+05:45,22.14583331743876
14566457,2025-11-09 12:45:00+05:45,23.425166765848797
14566457,2025-11-09 13:45:00+05:45,26.994333299001056
14566457,2025-11-09 14:45:00+05:45,27.291499932607017
14566457,2025-11-09 15:45:00+05:45,30.472166728973388
14566457,2025-11-09 16:45:00+05:45,32.799666722615555
14566457,2025-11-09 17:45:00+05:45,40.202437305450445
14566457,2025-11-09 18:45:00+05:45,42.675
14566457,2025-11-09 19:45:00+05:45,48.41316706339518
14566457,2025-11-09 20:45:00+05:45,45.66116663614909
14566457,2025-11-09 21:45:00+05:45,45.03349990844726
14566457,2025-11-09 22:45:00+05:45,41.077500152587895
14566457,2025-11-09 23:45:00+05:45,40.68566691080729
14566457,2025-11-10 00:45:00+05:45,36.03949966430664
14566457,2025-11-10 01:45:00+05:45,32.143666903177895
14566457,2025-11-10 02:45:00+05:45,30.336333274841312
14566457,2025-11-10 03:45:00+05:45,35.93583351771036
14566457,2025-11-10 04:45:00+05:45,51.30816679000855
14566457,2025-11-10 05:45:00+05:45,72.98612461090087
14566457,2025-11-10 06:45:00+05:45,83.68349990844726
14566457,2025-11-10 07:45:00+05:45,57.483499908447264
14566457,2025-11-10 08:45:00+05:45,57.155599975585936
14566457,2025-11-10 09:45:00+05:45,55.58544430202908
14566457,2025-11-10 10:45:00+05:45,33.87266651789348
14566457,2025-11-10 11:45:00+05:45,31.205999914805098
14566457,2025-11-10 12:45:00+05:45,32.669666639963786
14566457,2025-11-10 13:45:00+05:45,28.391833591461182
14566457,2025-11-10 14:45:00+05:45,31.99466651280721
14566457,2025-11-10 15:45:00+05:45,29.977666664123536
14566457,2025-11-10 16:45:00+05:45,34.394499937693276
14566457,2025-11-10 17:45:00+05:45,39.14199981689453
14566457,2025-11-10 18:45:00+05:45,43.94150009155273
14566457,2025-11-10 19:45:00+05:45,78.58633321126301
14566457,2025-11-10 20:45:00+05:45,63.27879187266032
14566457,2025-11-10 21:45:00+05:45,55.561999511718746
14566457,2025-11-10 22:45:00+05:45,48.41133321126302
14566457,2025-11-10 23:45:00+05:45,43.98316675821941
14566457,2025-11-11 00:45:00+05:45,41.497832997639975
14566457,2025-11-11 01:45:00+05:45,40.78600006103516
14566457,2025-11-11 02:45:00+05:45,38.188666788736974
14566457,2025-11-11 03:45:00+05:45,40.28916651407877
14566457,2025-11-11 04:45:00+05:45,45.888000106811525
14566457,2025-11-11 05:45:00+05:45,90.49891726175946
14566457,2025-11-11 06:45:00+05:45,74.15
14566457,2025-11-11 07:45:00+05:45,64.04483311971028
14566457,2025-11-11 08:45:00+05:45,56.08916651407878
14566457,2025-11-11 09:45:00+05:45,48.244499969482426
14566457,2025-11-11 10:45:00+05:45,44.65266672770182
14566457,2025-11-11 11:45:00+05:45,42.32216669718425
14566457,2025-11-11 12:45:00+05:45,42.68616663614909
14566457,2025-11-11 13:45:00+05:45,32.37450017929077
14566457,2025-11-11 14:45:00+05:45,33.935499890645346
14566457,2025-11-11 15:45:00+05:45,31.183666578928634
14566457,2025-11-11 16:45:00+05:45,36.3836664835612
14566457,2025-11-11 17:45:00+05:45,41.21149978637695
14566457,2025-11-11 18:45:00+05:45,46.92641665140789
14566457,2025-11-11 19:45:00+05:45,51.62766672770183
14566457,2025-11-11 20:45:00+05:45,45.577500152587895
14566457,2025-11-11 21:45:00+05:45,44.31616694132487
14566457,2025-11-11 22:45:00+05:45,49.7423329671224
14566457,2025-11-11 23:45:00+05:45,47.991500091552744
14566457,2025-11-12 00:45:00+05:45,45.74166666666667
14566457,2025-11-12 01:45:00+05:45,44.3076670328776
14566457,2025-11-12 02:45:00+05:45,45.336333211263025
14566457,2025-11-12 03:45:00+05:45,47.3918332417806
14566457,2025-11-12 04:45:00+05:45,39.49999999999999
14566457,2025-11-12 05:45:00+05:45,44.155999755859376
14566457,2025-11-12 06:45:00+05:45,53.330666605631514
14566457,2025-11-12 07:45:00+05:45,53.047499847412105
14566457,2025-11-12 08:45:00+05:45,49.794333394368486
14566457,2025-11-12 09:45:00+05:45,41.74166666666667
14566457,2025-11-12 10:45:00+05:45,38.802999877929686
14566457,2025-11-12 17:45:00+05:45,51.504833730061854
14566457,2025-11-12 18:45:00+05:45,58.60583318074544
14623361,2025-11-13 12:45:00+05:45,25.24020000457764
14623361,2025-11-13 13:45:00+05:45,21.816666666666663
14623361,2025-11-13 14:45:00+05:45,20.358166662851968
14623361,2025-11-13 15:45:00+05:45,30.347416750590003
14623361,2025-11-13 16:45:00+05:45,41.287653075324165
14623361,2025-11-13 17:45:00+05:45,44.36699981689453
14623361,2025-11-13 18:45:00+05:45,46.321833546956384
14623361,2025-11-13 19:45:00+05:45,44.85550003051758
14623361,2025-11-13 20:45:00+05:45,38.56416651407877
14623361,2025-11-13 21:45:00+05:45,33.75266666412354
14623361,2025-11-13 22:45:00+05:45,31.608166694641113
14623361,2025-11-13 23:45:00+05:45,30.127833271026606
14623361,2025-11-14 00:45:00+05:45,31.135666751861567
14623361,2025-11-14 01:45:00+05:45,31.94916677474976
14623361,2025-11-14 02:45:00+05:45,33.547333208719884
14623361,2025-11-14 03:45:00+05:45,32.68799986405806
14623361,2025-11-14 04:45:00+05:45,33.324500242869064
14623361,2025-11-14 05:45:00+05:45,37.80545487837358
14623361,2025-11-17 14:45:00+05:45,40.22749989827474
14623361,2025-11-17 15:45:00+05:45,37.04283324732925
14623361,2025-11-17 16:45:00+05:45,39.498667399088546
14623361,2025-11-17 17:45:00+05:45,46.4202783372667
14623361,2025-11-17 18:45:00+05:45,63.83250045776367
14623361,2025-11-17 19:45:00+05:45,96.54537882949369
14623361,2025-11-17 20:45:00+05:45,77.05649998982747
14623361,2025-11-17 21:45:00+05:45,64.33372213575576
14623361,2025-11-17 22:45:00+05:45,59.22366663614909
14623361,2025-11-17 23:45:00+05:45,52.82140310075548
14623361,2025-11-18 00:45:00+05:45,52.174250030517584
14623361,2025-11-18 01:45:00+05:45,48.84700012207031
14623361,2025-11-18 02:45:00+05:45,51.53374938964843
14623361,2025-11-18 03:45:00+05:45,50.66516672770182
14623361,2025-11-18 04:45:00+05:45,50.990075660474375
14623361,2025-11-18 05:45:00+05:45,52.575708580017086
14623361,2025-11-18 06:45:00+05:45,69.83293039533827
14623361,2025-11-18 07:45:00+05:45,75.38626642862957
14623361,2025-11-18 08:45:00+05:45,72.79659743838842
14623361,2025-11-18 10:45:00+05:45,66.14408289591472
14623361,2025-11-18 11:45:00+05:45,39.481041661898296
14623361,2025-11-18 12:45:00+05:45,39.05441718101501
14623361,2025-11-18 13:45:00+05:45,36.13305543528663
14623361,2025-11-18 14:45:00+05:45,30.08324235858339
14623361,2025-11-18 15:45:00+05:45,33.38922704349864
14623361,2025-11-18 16:45:00+05:45,51.672084172566734
14623361,2025-11-18 17:45:00+05:45,44.95333353678385
14623361,2025-11-18 18:45:00+05:45,47.870309920538034
14623361,2025-11-18 19:45:00+05:45,82.38034980773925
14623361,2025-11-18 20:45:00+05:45,64.84190328386094
14623361,2025-11-18 21:45:00+05:45,60.89300003051758
14623361,2025-11-18 22:45:00+05:45,65.08649978637695
14623361,2025-11-18 23:45:00+05:45,59.43270854949952
14623361,2025-11-19 00:45:00+05:45,55.23727751837835
14623361,2025-11-19 01:45:00+05:45,54.13500022888184
14623361,2025-11-19 02:45:00+05:45,54.96116663614908
14623361,2025-11-19 03:45:00+05:45,48.544499969482416
14623361,2025-11-19 04:45:00+05:45,49.72216669718424
14623361,2025-11-19 05:45:00+05:45,54.68583348592122
14623361,2025-11-19 06:45:00+05:45,78.19049962361655
14623361,2025-11-19 07:45:00+05:45,73.64690954034978
14623361,2025-11-19 08:45:00+05:45,60.552417246500646
14623361,2025-11-19 10:45:00+05:45,34.32206667582194
14623361,2025-11-19 11:45:00+05:45,31.77783323923747
14623361,2025-11-19 12:45:00+05:45,33.86683327356974
14623361,2025-11-20 10:45:00+05:45,22.951000022888184
14623361,2025-11-20 11:45:00+05:45,27.247833307584127
14623361,2025-11-20 12:45:00+05:45,29.395638948016696
14623361,2025-11-20 13:45:00+05:45,27.67733332316081
14623361,2025-11-20 14:45:00+05:45,26.836388895246717
14623361,2025-11-20 15:45:00+05:45,32.91554178131951
14623361,2025-11-20 16:45:00+05:45,42.1922636879815
14623361,2025-11-20 17:45:00+05:45,45.31719466315375
14623361,2025-11-20 18:45:00+05:45,46.02921216560132
14623361,2025-11-20 19:45:00+05:45,86.1145835876465
14623361,2025-11-20 20:45:00+05:45,80.84241663614908
14623361,2025-11-20 21:45:00+05:45,65.09512500762939
14623361,2025-11-20 22:45:00+05:45,56.35974998474121
14623361,2025-11-20 23:45:00+05:45,56.05825004577637
14623361,2025-11-21 00:45:00+05:45,55.40450002496893
14623361,2025-11-21 01:45:00+05:45,51.8098183371804
14623361,2025-11-21 02:45:00+05:45,50.65294422573513
14623361,2025-11-21 03:45:00+05:45,49.13074989318847
14623361,2025-11-21 04:45:00+05:45,51.286277940538206
14623361,2025-11-21 05:45:00+05:45,49.728708585103355
14623361,2025-11-21 06:45:00+05:45,57.20829168955485
14623361,2025-11-21 07:45:00+05:45,71.13268053266737
14623361,2025-11-21 08:45:00+05:45,60.879472181532115
14623361,2025-11-21 09:45:00+05:45,65.4759578069051
14623361,2025-11-21 10:45:00+05:45,51.25861070421007
14623361,2025-11-21 11:45:00+05:45,42.57700017293294
14623361,2025-11-21 12:45:00+05:45,33.134466590881345
14623361,2025-11-21 13:45:00+05:45,23.814833323160805
14623361,2025-11-21 14:45:00+05:45,25.371863677284935
14623361,2025-11-21 15:45:00+05:45,31.371583239237467
14623361,2025-11-21 16:45:00+05:45,37.089666239420566
14623361,2025-11-21 17:45:00+05:45,41.75413644964045
14623361,2025-11-21 18:45:00+05:45,42.95338361104329
14623361,2025-11-21 19:45:00+05:45,55.43137505849203
14623361,2025-11-21 20:45:00+05:45,80.38924980163576
14623361,2025-11-21 21:45:00+05:45,55.64208295186361
14623361,2025-11-21 22:45:00+05:45,49.04642454205137
14659111,2025-11-17 14:45:00+05:45,37.99183324178059
14659111,2025-11-17 15:45:00+05:45,32.78049996693929
14659111,2025-11-17 16:45:00+05:45,37.175
14659111,2025-11-17 17:45:00+05:45,38.208499908447266
14659111,2025-11-17 18:45:00+05:45,52.44749984741211
14659111,2025-11-17 19:45:00+05:45,84.94499969482423
14659111,2025-11-17 20:45:00+05:45,84.97166697184245
14659111,2025-11-17 21:45:00+05:45,72.92816645304362
14659111,2025-11-17 22:45:00+05:45,56.56949996948243
14659111,2025-11-17 23:45:00+05:45,55.052500152587896
14659111,2025-11-18 00:45:00+05:45,57.38649978637695
14659111,2025-11-18 01:45:00+05:45,65.09716669718425
14659111,2025-11-18 02:45:00+05:45,65.47216669718425
14659111,2025-11-18 03:45:00+05:45,55.51933339436849
14659111,2025-11-18 04:45:00+05:45,51.84749984741212
14659111,2025-11-18 05:45:00+05:45,58.58349990844726
14659111,2025-11-18 06:45:00+05:45,74.28050003051759
14659111,2025-11-18 07:45:00+05:45,102.90533345540364
14659111,2025-11-18 08:45:00+05:45,85.25583318074546
14659111,2025-11-18 10:45:00+05:45,49.319166819254555
14659111,2025-11-18 11:45:00+05:45,40.13583348592123
14659111,2025-11-18 12:45:00+05:45,36.01933307647705
14659111,2025-11-18 13:45:00+05:45,31.263041464487713
14659111,2025-11-18 14:45:00+05:45,23.25545833110809
14659111,2025-11-18 15:45:00+05:45,25.731041677792863
14659111,2025-11-18 16:45:00+05:45,31.960833326975504
14659111,2025-11-18 17:45:00+05:45,40.57383324305216
14659111,2025-11-18 18:45:00+05:45,46.8745002746582
14659111,2025-11-18 19:45:00+05:45,80.7341245651245
14659111,2025-11-18 20:45:00+05:45,71.20145829518636
14659111,2025-11-18 21:45:00+05:45,58.57087497711181
14659111,2025-11-18 22:45:00+05:45,63.89683354695638
14659111,2025-11-18 23:45:00+05:45,67.59166666666667
14659111,2025-11-19 00:45:00+05:45,72.29400024414063
14659111,2025-11-19 01:45:00+05:45,90.30283330281576
14659111,2025-11-19 02:45:00+05:45,71.16383336385091
14659111,2025-11-19 03:45:00+05:45,53.34449996948243
14659111,2025-11-19 04:45:00+05:45,50.86163885328504
14659111,2025-11-19 05:45:00+05:45,66.95266672770182
14659111,2025-11-19 06:45:00+05:45,74.43300018310548
14659111,2025-11-19 07:45:00+05:45,72.89605568779838
14659111,2025-11-19 08:45:00+05:45,57.24343047671848
14659111,2025-11-19 09:45:00+05:45,51.56966654459635
14659111,2025-11-19 10:45:00+05:45,41.41966660817464
14659111,2025-11-19 11:45:00+05:45,32.96237504747179
14659111,2025-11-19 12:45:00+05:45,33.56399993896485
14659111,2025-11-19 13:45:00+05:45,39.89533332188925
14659111,2025-11-19 14:45:00+05:45,34.927916844685875
14659111,2025-11-19 15:45:00+05:45,32.76715281539493
14659111,2025-11-19 16:45:00+05:45,34.75250015258789
14659111,2025-11-19 17:45:00+05:45,38.672291628519694
14659111,2025-11-19 18:45:00+05:45,46.07816645304362
14659111,2025-11-19 19:45:00+05:45,69.11900024414062
14659111,2025-11-19 20:45:00+05:45,83.90083287556966
14659111,2025-11-19 21:45:00+05:45,63.686333211263026
14659111,2025-11-19 22:45:00+05:45,53.30550003051758
14659111,2025-11-19 23:45:00+05:45,56.82677781846788
14659111,2025-11-20 00:45:00+05:45,62.308000183105456
14659111,2025-11-20 01:45:00+05:45,65.19950027465822
14659111,2025-11-20 02:45:00+05:45,53.072000122070314
14659111,2025-11-20 03:45:00+05:45,52.59666697184244
14659111,2025-11-20 04:45:00+05:45,56.79983342488607
14659111,2025-11-20 05:45:00+05:45,82.06350021362304
14659111,2025-11-20 06:45:00+05:45,111.2138333638509
14659111,2025-11-20 07:45:00+05:45,87.28333333333335
14659111,2025-11-20 08:45:00+05:45,78.8010414759318
14659111,2025-11-20 09:45:00+05:45,52.0278333346049
14659111,2025-11-20 10:45:00+05:45,29.569500001271564
14659111,2025-11-20 11:45:00+05:45,25.50322227478027
14659111,2025-11-20 12:45:00+05:45,29.182277901967367
14659111,2025-11-20 13:45:00+05:45,27.063500086466473
14659111,2025-11-20 14:45:00+05:45,24.41150000890096
14659111,2025-11-20 15:45:00+05:45,28.080666637420652
14659111,2025-11-20 16:45:00+05:45,36.627167002360025
14659111,2025-11-20 17:45:00+05:45,38.49733327229817
14659111,2025-11-20 18:45:00+05:45,46.92533315022786
14659111,2025-11-20 19:45:00+05:45,53.346666971842446
14659111,2025-11-20 20:45:00+05:45,68.09899978637695
14659111,2025-11-20 21:45:00+05:45,65.6277500152588
14659111,2025-11-20 22:45:00+05:45,52.84683354695637
14659111,2025-11-20 23:45:00+05:45,52.64700012207032
14659111,2025-11-21 00:45:00+05:45,53.72249984741211
14659111,2025-11-21 01:45:00+05:45,50.36183293660482
14659111,2025-11-21 02:45:00+05:45,43.04116694132487
14659111,2025-11-21 03:45:00+05:45,46.28050003051758
14659111,2025-11-21 04:45:00+05:45,57.2279998779297
14659111,2025-11-21 05:45:00+05:45,53.40833333333333
14659111,2025-11-21 06:45:00+05:45,58.74433339436849
14659111,2025-11-21 07:45:00+05:45,70.35650024414063
14659111,2025-11-21 08:45:00+05:45,68.98600006103516
14659111,2025-11-21 09:45:00+05:45,56.41399993896485
14659111,2025-11-21 10:45:00+05:45,48.33649978637695
14659111,2025-11-21 11:45:00+05:45,39.34133307139079
14659111,2025-11-21 12:45:00+05:45,28.399541695912685
14659111,2025-11-21 13:45:00+05:45,26.63033326466878
14659111,2025-11-21 14:45:00+05:45,21.866833337148027
14659111,2025-11-21 15:45:00+05:45,25.027833334604903
14659111,2025-11-21 16:45:00+05:45,31.330000146230063
14659111,2025-11-21 17:45:00+05:45,35.908000183105464
14659111,2025-11-21 18:45:00+05:45,37.92450027465821
14802207,2025-12-05 09:45:00+05:45,73.54820007324219
14802207,2025-12-05 10:45:00+05:45,67.51916681925455
14802207,2025-12-05 11:45:00+05:45,45.67261140611436
14802207,2025-12-05 12:45:00+05:45,48.59416681925455
14802207,2025-12-05 13:45:00+05:45,41.880333487192786
14802207,2025-12-05 14:45:00+05:45,34.53916648228963
14802207,2025-12-05 15:45:00+05:45,38.4086664835612
14802207,2025-12-05 16:45:00+05:45,44.00033315022787
14802207,2025-12-05 17:45:00+05:45,46.95299987792969
14802207,2025-12-05 18:45:00+05:45,47.78162517547608
14802207,2025-12-05 19:45:00+05:45,44.12716700236003
14802207,2025-12-05 20:45:00+05:45,44.172916539510105
14802207,2025-12-05 21:45:00+05:45,46.35600001017252
14802207,2025-12-05 22:45:00+05:45,74.97098602718778
14802207,2025-12-05 23:45:00+05:45,73.62675031026205
14802207,2025-12-06 00:45:00+05:45,65.84749984741211
14802207,2025-12-06 01:45:00+05:45,70.88949966430664
14802207,2025-12-06 02:45:00+05:45,65.69449996948244
14802207,2025-12-06 03:45:00+05:45,65.69466654459634
14802207,2025-12-06 04:45:00+05:45,62.93300018310546
14802207,2025-12-06 05:45:00+05:45,52.40066630045573
14802207,2025-12-06 06:45:00+05:45,49.63050003051759
14802207,2025-12-06 07:45:00+05:45,62.06683324178061
14802207,2025-12-06 08:45:00+05:45,65.30783360799153
14802207,2025-12-06 09:45:00+05:45,87.49768081241183
14802207,2025-12-06 10:45:00+05:45,81.22483342488606
14802207,2025-12-06 11:45:00+05:45,55.605999755859365
14802207,2025-12-06 12:45:00+05:45,47.5349998474121
14802207,2025-12-06 13:45:00+05:45,42.02966715494791
14802207,2025-12-06 14:45:00+05:45,42.66954123179118
14802207,2025-12-06 15:45:00+05:45,31.06716645558675
14802207,2025-12-06 16:45:00+05:45,35.85250015258789
14802207,2025-12-06 17:45:00+05:45,35.79433342615763
14802207,2025-12-06 18:45:00+05:45,36.694499969482415
14802207,2025-12-06 19:45:00+05:45,34.97766675949097
14802207,2025-12-06 20:45:00+05:45,38.69449996948242
14802207,2025-12-06 21:45:00+05:45,80.55533345540364
14802207,2025-12-06 22:45:00+05:45,99.78649978637696
14802207,2025-12-06 23:45:00+05:45,82.70566660563152
14802207,2025-12-07 00:45:00+05:45,86.07386071946887
14802207,2025-12-07 01:45:00+05:45,65.90530543857152
14802207,2025-12-07 02:45:00+05:45,57.66995843251545
14802207,2025-12-07 03:45:00+05:45,74.33383305867514
14802207,2025-12-07 04:45:00+05:45,66.44199981689454
14802207,2025-12-07 05:45:00+05:45,60.069166819254555
14802207,2025-12-07 06:45:00+05:45,54.775166575113936
14802207,2025-12-07 07:45:00+05:45,57.019999694824214
14802207,2025-12-07 08:45:00+05:45,63.89166666666667
14802207,2025-12-08 09:45:00+05:45,49.26813313802083
14802207,2025-12-08 10:45:00+05:45,51.19700012207031
14802207,2025-12-08 11:45:00+05:45,46.29777772691514
14802207,2025-12-08 12:45:00+05:45,42.91116667588552
14802207,2025-12-08 13:45:00+05:45,27.425166670481364
14802207,2025-12-12 08:45:00+05:45,50.997501373291016
14802207,2026-01-23 08:45:00+05:45,128.91758308410644
14802207,2026-01-23 09:45:00+05:45,106.83915000915528
14802207,2026-03-23 15:45:00+05:45,29.9
14802207,2026-03-23 16:45:00+05:45,35.1
14802207,2026-03-23 17:45:00+05:45,36.7
14802207,2026-03-23 18:45:00+05:45,44.3
14802207,2026-03-23 19:45:00+05:45,44.7
14802207,2026-03-23 20:45:00+05:45,47.9
14802207,2026-03-23 21:45:00+05:45,49.6
14802207,2026-03-23 22:45:00+05:45,47.3
14802207,2026-03-23 23:45:00+05:45,49.1
14802207,2026-03-24 00:45:00+05:45,48.6
14802207,2026-03-24 01:45:00+05:45,48.1
14802207,2026-03-24 02:45:00+05:45,46.2
14802207,2026-03-24 03:45:00+05:45,48.2
14802207,2026-03-24 04:45:00+05:45,48.5
14802207,2026-03-24 05:45:00+05:45,54.4
14802207,2026-03-24 06:45:00+05:45,57.5
14802207,2026-03-24 07:45:00+05:45,65.7
14802207,2026-03-24 08:45:00+05:45,55.4
14802207,2026-03-24 09:45:00+05:45,40.9
14802207,2026-03-24 10:45:00+05:45,39.7
14802207,2026-03-24 11:45:00+05:45,34.2
14802207,2026-03-24 12:45:00+05:45,33.4
14802207,2026-03-24 13:45:00+05:45,22.9
14802207,2026-03-24 14:45:00+05:45,23.9
14802207,2026-03-24 15:45:00+05:45,27.5
14802207,2026-03-24 16:45:00+05:45,35.3
14802207,2026-03-24 17:45:00+05:45,49.6
14802207,2026-03-24 18:45:00+05:45,38.5
14802207,2026-03-24 19:45:00+05:45,42.9
14802207,2026-03-24 20:45:00+05:45,45.7
14802207,2026-03-24 21:45:00+05:45,39.8
14802207,2026-03-24 22:45:00+05:45,47.3
14802207,2026-03-24 23:45:00+05:45,45.5
14802207,2026-03-25 00:45:00+05:45,46.3
14802207,2026-03-25 01:45:00+05:45,47.3
14802207,2026-03-25 02:45:00+05:45,48.0
14802207,2026-03-25 03:45:00+05:45,50.7
14802207,2026-03-25 04:45:00+05:45,53.2
14802207,2026-03-25 05:45:00+05:45,53.8
14802207,2026-03-25 06:45:00+05:45,55.5
14802207,2026-03-25 07:45:00+05:45,67.5
14802207,2026-03-25 08:45:00+05:45,56.5
14802207,2026-03-25 09:45:00+05:45,50.3
14802207,2026-03-25 10:45:00+05:45,39.6
14718256,2025-11-25 10:45:00+05:45,57.814800415039066
14718256,2025-11-25 11:45:00+05:45,43.166166909535725
14718256,2025-11-25 12:45:00+05:45,31.85000006357829
14718256,2025-11-25 13:45:00+05:45,25.800000031789143
14718256,2025-11-25 14:45:00+05:45,23.730499998728433
14718256,2025-11-25 15:45:00+05:45,42.62216669718425
14718256,2025-11-25 16:45:00+05:45,53.70299987792969
14718256,2025-11-25 17:45:00+05:45,53.30550003051758
14718256,2025-11-25 18:45:00+05:45,75.27816645304362
14718256,2025-11-25 19:45:00+05:45,55.73633321126303
14718256,2025-11-25 20:45:00+05:45,50.85533345540364
14718256,2025-11-25 21:45:00+05:45,48.83000030517578
14718256,2025-11-25 22:45:00+05:45,43.75599975585937
14718256,2025-11-25 23:45:00+05:45,46.93016688028971
14718256,2025-11-26 00:45:00+05:45,43.0331667582194
14718256,2025-11-26 01:45:00+05:45,40.66133321126302
14718256,2025-11-26 02:45:00+05:45,41.19199981689453
14718256,2025-11-26 03:45:00+05:45,40.34716669718424
14718256,2025-11-26 04:45:00+05:45,46.760666910807295
14718256,2025-11-26 05:45:00+05:45,48.247333272298185
14718256,2025-11-26 06:45:00+05:45,65.15566660563151
14718256,2025-11-26 07:45:00+05:45,78.46699981689453
14718256,2025-11-26 08:45:00+05:45,83.02566630045574
14718256,2025-11-26 09:45:00+05:45,82.82783330281576
14718256,2025-11-26 10:45:00+05:45,62.97783330281575
14718256,2025-11-26 11:45:00+05:45,43.005166880289714
14718256,2025-11-26 12:45:00+05:45,29.91699988047282
14718256,2025-11-26 13:45:00+05:45,26.416666666666668
14718256,2025-11-26 14:45:00+05:45,37.55800011952718
14718256,2025-11-26 15:45:00+05:45,36.06195853551229
14718256,2025-11-26 16:45:00+05:45,48.76083348592123
14718256,2025-11-26 17:45:00+05:45,61.78033345540364
14718256,2025-11-26 18:45:00+05:45,83.03616663614908
14718256,2025-11-26 19:45:00+05:45,64.73899993896485
14718256,2025-11-26 20:45:00+05:45,48.916666666666664
14718256,2025-11-26 21:45:00+05:45,47.38566691080729
14718256,2025-11-26 22:45:00+05:45,65.90299987792969
14718256,2025-11-26 23:45:00+05:45,45.65
14718256,2025-11-27 09:45:00+05:45,104.55800032182174
14718256,2025-11-27 10:45:00+05:45,102.43316675821944
14718256,2025-11-27 11:45:00+05:45,62.64683354695637
14718256,2025-11-27 12:45:00+05:45,43.41916681925455
14718256,2025-11-27 13:45:00+05:45,38.12483342488607
14718256,2025-11-27 14:45:00+05:45,25.322333208719886
14718256,2025-11-27 15:45:00+05:45,46.31316706339518
14718256,2025-11-27 16:45:00+05:45,61.80266672770182
14718256,2025-11-27 17:45:00+05:45,40.916666666666664
14718256,2025-11-27 18:45:00+05:45,46.34449996948242
14718256,2025-11-27 19:45:00+05:45,54.58050003051758
14718256,2025-11-27 20:45:00+05:45,55.84766642252604
14718256,2025-11-27 21:45:00+05:45,51.53083318074544
14718256,2025-11-27 22:45:00+05:45,48.18033345540365
14718256,2025-11-27 23:45:00+05:45,50.86433308919271
14718256,2025-11-28 00:45:00+05:45,40.06149978637695
14718256,2025-11-28 01:45:00+05:45,36.38933308919271
14718256,2025-11-28 02:45:00+05:45,42.322333272298174
14718256,2025-11-28 03:45:00+05:45,42.30849997202555
14718256,2025-11-28 04:45:00+05:45,43.565472020043266
14718256,2025-11-28 05:45:00+05:45,63.419499969482416
14718256,2025-11-28 06:45:00+05:45,70.49400024414064
14718256,2025-11-28 07:45:00+05:45,101.53600006103515
14718256,2025-11-28 08:45:00+05:45,95.5413335164388
14718256,2025-11-28 09:45:00+05:45,92.65633290608724
14718256,2025-11-28 10:45:00+05:45,64.89983342488607
14718256,2025-11-28 11:45:00+05:45,44.50083325703938
14718256,2025-11-28 12:45:00+05:45,39.23216689138702
14718256,2025-11-28 13:45:00+05:45,30.12658339871301
14718256,2025-11-28 14:45:00+05:45,24.790500005086265
14718256,2025-11-28 15:45:00+05:45,23.924500020345057
14718256,2025-11-28 16:45:00+05:45,49.883500258127846
14718256,2025-11-28 17:45:00+05:45,58.40016657511395
14718256,2025-11-28 18:45:00+05:45,56.641500091552736
14718256,2025-11-28 19:45:00+05:45,46.4056666056315
14718256,2025-11-28 20:45:00+05:45,39.730166880289715
14718256,2025-11-28 21:45:00+05:45,35.45033330917358
14718256,2025-11-28 22:45:00+05:45,37.750166702270505
14718256,2025-11-28 23:45:00+05:45,37.32433369954427
14718256,2025-11-29 00:45:00+05:45,33.46683330535889
14718256,2025-11-29 01:45:00+05:45,33.40299987792969
14718256,2025-11-29 02:45:00+05:45,35.8668332417806
14718256,2025-11-29 03:45:00+05:45,39.96949996948242
14718256,2025-11-29 04:45:00+05:45,44.29966684977214
14718256,2025-11-29 05:45:00+05:45,41.05800018310547
14718256,2025-11-29 06:45:00+05:45,57.294499969482416
14718256,2025-11-29 07:45:00+05:45,72.85233357747396
14718256,2025-11-29 08:45:00+05:45,80.35299987792969
14718256,2025-11-30 05:45:00+05:45,34.887333170572916
14718256,2025-11-30 06:45:00+05:45,36.62499996821086
14718256,2025-11-30 07:45:00+05:45,89.25550003051758
14718256,2025-11-30 08:45:00+05:45,86.32483342488605
14718256,2025-11-30 09:45:00+05:45,69.11966654459634
14718256,2025-11-30 10:45:00+05:45,52.18049999872843
14718256,2025-11-30 11:45:00+05:45,20.429833348592123
14718256,2025-11-30 12:45:00+05:45,14.982999992370605
14718256,2025-11-30 13:45:00+05:45,13.500166670481365
14718256,2025-11-30 14:45:00+05:45,15.313666661580404
14718256,2025-11-30 15:45:00+05:45,21.58933334350586
14718256,2025-11-30 16:45:00+05:45,27.8528333346049
14718256,2025-11-30 17:45:00+05:45,31.736545215953473
14718256,2025-11-30 18:45:00+05:45,35.45
14718801,2025-11-25 12:45:00+05:45,32.16666603088379
14718801,2025-11-25 16:45:00+05:45,38.915000915527344
14718801,2025-11-25 17:45:00+05:45,61.165000915527344
14718801,2025-11-25 18:45:00+05:45,58.0
14718801,2025-11-25 19:45:00+05:45,82.5
14718801,2025-11-25 20:45:00+05:45,60.709999084472656
14718801,2025-11-25 21:45:00+05:45,55.0
14718801,2025-11-25 22:45:00+05:45,82.24750137329102
14718801,2025-11-25 23:45:00+05:45,68.375
14718801,2025-11-26 00:45:00+05:45,56.5
14718801,2025-11-26 01:45:00+05:45,53.0
14718801,2025-11-26 02:45:00+05:45,43.83250045776367
14718801,2025-11-26 03:45:00+05:45,43.5
14718801,2025-11-26 04:45:00+05:45,43.22333272298177
14718801,2025-11-26 08:45:00+05:45,106.94666544596356
14718801,2025-11-26 09:45:00+05:45,69.33000183105469
14718801,2025-11-26 10:45:00+05:45,57.25
14718801,2025-11-26 12:45:00+05:45,26.75
14718801,2025-11-26 13:45:00+05:45,25.5
14718801,2025-11-26 14:45:00+05:45,33.83000183105469
14718801,2025-11-26 15:45:00+05:45,30.829999923706055
14718801,2025-11-26 16:45:00+05:45,36.33000183105469
14718801,2025-11-26 17:45:00+05:45,49.16999816894531
14718801,2025-11-26 18:45:00+05:45,65.83000183105469
14718801,2025-11-26 19:45:00+05:45,95.33000183105467
14718801,2025-11-26 21:45:00+05:45,65.16500091552734
14718801,2025-11-27 00:45:00+05:45,68.0
14718801,2025-11-27 01:45:00+05:45,67.6133321126302
14718801,2025-11-27 02:45:00+05:45,54.5
14718801,2025-11-27 09:45:00+05:45,110.16999816894533
14718801,2025-11-27 10:45:00+05:45,115.41500091552734
14718801,2025-11-27 11:45:00+05:45,83.05666605631511
14718801,2025-11-27 12:45:00+05:45,76.41500091552734
14718801,2025-11-27 14:45:00+05:45,15.329999923706056
14718801,2025-11-27 15:45:00+05:45,28.914999961853027
14718801,2025-11-27 17:45:00+05:45,173.3300018310547
14718801,2025-11-27 18:45:00+05:45,118.91749954223631
14718801,2025-11-27 19:45:00+05:45,138.5
14718801,2025-11-27 20:45:00+05:45,133.83666483561197
14718801,2025-11-27 21:45:00+05:45,128.33499908447266
14718801,2025-11-27 22:45:00+05:45,111.5
14718801,2025-11-27 23:45:00+05:45,107.33000183105467
14718801,2025-11-28 00:45:00+05:45,80.16999816894531
14718801,2025-11-28 01:45:00+05:45,61.39624977111816
14718801,2025-11-28 02:45:00+05:45,67.77999877929688
14718801,2025-11-28 03:45:00+05:45,50.38999938964844
14718801,2025-11-28 04:45:00+05:45,50.91749954223633
14718801,2025-11-28 05:45:00+05:45,49.56125068664551
14718801,2025-11-28 06:45:00+05:45,121.83000183105467
14718801,2025-11-28 07:45:00+05:45,97.66999816894533
14718801,2025-11-28 08:45:00+05:45,97.66666666666669
14718801,2025-11-28 10:45:00+05:45,93.41999816894533
14718801,2025-11-28 11:45:00+05:45,55.166666666666664
14718801,2025-11-28 12:45:00+05:45,24.889166673024494
14718801,2025-11-28 13:45:00+05:45,27.414999961853027
14718801,2025-11-28 14:45:00+05:45,35.66999816894531
14718801,2025-11-28 15:45:00+05:45,31.69499969482422
14718801,2025-11-28 16:45:00+05:45,41.625
14718801,2025-11-28 17:45:00+05:45,46.5
14718801,2025-11-28 18:45:00+05:45,62.165000915527344
14718801,2025-11-28 19:45:00+05:45,70.95999908447266
14718801,2025-11-28 21:45:00+05:45,52.66833241780599
14718801,2025-11-28 22:45:00+05:45,49.41874885559082
14718801,2025-11-28 23:45:00+05:45,57.5
14718801,2025-11-29 00:45:00+05:45,47.5
14718801,2025-11-29 01:45:00+05:45,46.622501373291016
14718801,2025-11-29 02:45:00+05:45,45.33000183105469
14718801,2025-11-29 03:45:00+05:45,44.566000366210936
14718801,2025-11-29 04:45:00+05:45,53.5
14718801,2025-11-29 09:45:00+05:45,90.08499908447266
14718801,2025-11-29 10:45:00+05:45,51.41749954223633
14718801,2025-11-29 11:45:00+05:45,34.14375066757202
14718801,2025-11-29 12:45:00+05:45,14.329999923706056
14718801,2025-11-29 13:45:00+05:45,24.329999923706055
14718801,2025-11-29 14:45:00+05:45,11.5
14718801,2025-11-29 15:45:00+05:45,22.170000076293945
14718801,2025-11-29 16:45:00+05:45,31.140000025431316
14718801,2025-11-29 17:45:00+05:45,54.8066660563151
14718801,2025-11-29 18:45:00+05:45,60.165000915527344
14718801,2025-11-29 19:45:00+05:45,75.41500091552734
14718801,2025-11-29 20:45:00+05:45,53.709999084472656
14718801,2025-11-29 21:45:00+05:45,55.66999816894531
14718801,2025-11-29 22:45:00+05:45,44.50333150227865
14718801,2025-11-29 23:45:00+05:45,41.5
14718801,2025-11-30 00:45:00+05:45,41.790000915527344
14718801,2025-11-30 01:45:00+05:45,38.61000061035156
14718801,2025-11-30 02:45:00+05:45,32.58250045776367
14718801,2025-11-30 03:45:00+05:45,42.165000915527344
14718801,2025-11-30 04:45:00+05:45,49.33000183105469
14718801,2025-11-30 05:45:00+05:45,43.26600036621094
14718801,2025-11-30 06:45:00+05:45,58.666666666666664
14718801,2025-11-30 07:45:00+05:45,55.39500045776367
14718801,2025-11-30 08:45:00+05:45,76.66600036621094
14718801,2025-11-30 09:45:00+05:45,91.33000183105467
14718801,2025-11-30 14:45:00+05:45,35.83000183105469
14718801,2025-11-30 15:45:00+05:45,30.170000076293945
14718801,2025-11-30 16:45:00+05:45,38.70500183105469
14718801,2025-11-30 17:45:00+05:45,47.5566660563151
14718801,2025-11-30 18:45:00+05:45,49.433999633789064
14718801,2025-11-30 22:45:00+05:45,39.83000183105469
14719352,2025-11-25 13:45:00+05:45,38.87868719100952
14719352,2025-11-25 14:45:00+05:45,44.9051248550415
14719352,2025-11-25 15:45:00+05:45,48.93836114671495
14719352,2025-11-25 16:45:00+05:45,48.0214583714803
14719352,2025-11-25 17:45:00+05:45,49.41616694132487
14719352,2025-11-25 18:45:00+05:45,58.498916498819995
14719352,2025-11-25 19:45:00+05:45,109.66916681925454
14719352,2025-11-25 20:45:00+05:45,118.84733327229816
14719352,2025-11-25 21:45:00+05:45,102.2443333943685
14719352,2025-11-25 22:45:00+05:45,64.98033345540365
14719352,2025-11-25 23:45:00+05:45,71.60533345540365
14719352,2025-11-26 00:45:00+05:45,71.16699981689453
14719352,2025-11-26 01:45:00+05:45,70.27816645304361
14719352,2025-11-26 02:45:00+05:45,48.50883305867513
14719352,2025-11-26 03:45:00+05:45,56.26300048828125
14719352,2025-11-26 04:45:00+05:45,68.68033345540364
14719352,2025-11-26 05:45:00+05:45,72.72183354695638
14719352,2025-11-26 06:45:00+05:45,87.09700012207031
14719352,2025-11-26 07:45:00+05:45,99.97516657511392
14719352,2025-11-26 08:45:00+05:45,92.0555000305176
14719352,2025-11-26 09:45:00+05:45,86.57990275488959
14719352,2025-11-26 10:45:00+05:45,71.86594458685981
14719352,2025-11-26 11:45:00+05:45,40.47188865873549
14719352,2025-11-26 12:45:00+05:45,26.41072221332126
14719352,2025-11-26 13:45:00+05:45,34.344624741872146
14719352,2025-11-26 14:45:00+05:45,41.769999694824214
14719352,2025-11-26 15:45:00+05:45,36.41129156748453
14719352,2025-11-26 16:45:00+05:45,41.96333363850912
14719352,2025-11-26 17:45:00+05:45,43.41149978637694
14719352,2025-11-26 18:45:00+05:45,61.32549972534181
14719352,2025-11-26 19:45:00+05:45,111.16399993896484
14719352,2025-11-26 20:45:00+05:45,103.43583348592124
14719352,2025-11-26 21:45:00+05:45,69.32483342488607
14719352,2025-11-26 22:45:00+05:45,71.35483373006186
14719352,2025-11-26 23:45:00+05:45,72.33033345540365
14719352,2025-11-27 00:45:00+05:45,69.93691660563151
14719352,2025-11-27 01:45:00+05:45,67.59449996948241
14719352,2025-11-27 02:45:00+05:45,62.59116694132488
14719352,2025-11-27 03:45:00+05:45,58.52816645304362
14719352,2025-11-27 04:45:00+05:45,61.52679182688396
14719352,2025-11-27 05:45:00+05:45,70.70644421047633
14719352,2025-11-27 06:45:00+05:45,88.52679144541422
14719352,2025-11-27 07:45:00+05:45,98.21997231377496
14719352,2025-11-27 08:45:00+05:45,102.9326670328776
14719352,2025-11-27 09:45:00+05:45,104.37166697184244
14719352,2025-11-27 10:45:00+05:45,107.14977789984812
14719352,2025-11-27 11:45:00+05:45,96.63383305867514
14719352,2025-11-27 12:45:00+05:45,82.4449998219808
14719352,2025-11-27 13:45:00+05:45,70.80674997965495
14719352,2025-11-27 14:45:00+05:45,29.06479157606761
14719352,2025-11-27 15:45:00+05:45,32.73709726598528
14719352,2025-11-27 16:45:00+05:45,42.63616663614909
14719352,2025-11-27 17:45:00+05:45,66.98533376057941
14719352,2025-11-27 18:45:00+05:45,116.80800018310548
14719352,2025-11-27 19:45:00+05:45,167.3334999084473
14719352,2025-11-27 20:45:00+05:45,140.5601251602173
14719352,2025-11-27 21:45:00+05:45,120.33300018310548
14719352,2025-11-27 22:45:00+05:45,116.925
14719352,2025-11-27 23:45:00+05:45,98.80516688028972
14719352,2025-11-28 00:45:00+05:45,99.30283330281576
14719352,2025-11-28 01:45:00+05:45,90.81916681925456
14719352,2025-11-28 02:45:00+05:45,77.23583348592122
14719352,2025-11-28 03:45:00+05:45,68.54983342488606
14719352,2025-11-28 04:45:00+05:45,71.1606669108073
14719352,2025-11-28 05:45:00+05:45,74.06616694132487
14719352,2025-11-28 06:45:00+05:45,95.20066630045574
14719352,2025-11-28 07:45:00+05:45,108.61666666666667
14719352,2025-11-28 08:45:00+05:45,109.605291557312
14719352,2025-11-28 09:45:00+05:45,82.37791659037272
14719352,2025-11-28 10:45:00+05:45,87.17129179636636
14719352,2025-11-28 11:45:00+05:45,64.8990005493164
14719352,2025-11-28 12:45:00+05:45,40.66083354949951
14719352,2025-11-28 13:45:00+05:45,23.40508330663045
14719352,2025-11-28 14:45:00+05:45,31.791125043233233
14719352,2025-11-28 15:45:00+05:45,30.588166777292894
14719352,2025-11-28 16:45:00+05:45,35.30783360799153
14719352,2025-11-28 17:45:00+05:45,49.89466654459636
14719352,2025-11-28 18:45:00+05:45,58.34449996948243
14719352,2025-11-28 19:45:00+05:45,83.02166697184246
14719352,2025-11-28 20:45:00+05:45,109.67750015258792
14719352,2025-11-28 21:45:00+05:45,71.5836664835612
14719352,2025-11-28 22:45:00+05:45,59.63833363850912
14719352,2025-11-28 23:45:00+05:45,58.23383305867514
14719352,2025-11-29 00:45:00+05:45,58.349333699544275
14719352,2025-11-29 01:45:00+05:45,55.813666788736974
14719352,2025-11-29 02:45:00+05:45,59.744166819254566
14719352,2025-11-29 03:45:00+05:45,64.1284996032715
14719352,2025-11-29 04:45:00+05:45,61.697374916076654
14719352,2025-11-29 05:45:00+05:45,51.402583440144866
14719352,2025-11-29 06:45:00+05:45,72.86966654459636
14719352,2025-11-29 07:45:00+05:45,90.1858334859212
14719352,2025-11-29 08:45:00+05:45,88.71699981689453
14719352,2025-11-29 09:45:00+05:45,73.51083348592122
14719352,2025-11-29 10:45:00+05:45,62.57425003051758
14719352,2025-11-29 11:45:00+05:45,31.82466669082642
14719352,2025-11-29 12:45:00+05:45,9.119500001271566
14719352,2025-11-29 13:45:00+05:45,9.32250000635783
14719352,2025-11-29 14:45:00+05:45,16.0056666692098
14719352,2025-11-29 15:45:00+05:45,20.92483332951864
14719352,2025-11-29 16:45:00+05:45,30.006166648864745
14720442,2025-11-25 15:45:00+05:45,46.31650009155274
14720442,2025-11-25 16:45:00+05:45,44.04466654459636
14720442,2025-11-25 17:45:00+05:45,49.802500152587896
14720442,2025-11-25 18:45:00+05:45,61.16916681925455
14720442,2025-11-25 19:45:00+05:45,64.51604124704998
14720442,2025-11-25 20:45:00+05:45,100.7881247838338
14720442,2025-11-25 21:45:00+05:45,88.78949966430663
14720442,2025-11-25 22:45:00+05:45,58.42716700236002
14720442,2025-11-25 23:45:00+05:45,52.67865255143908
14720442,2025-11-26 00:45:00+05:45,62.57437496185303
14720442,2025-11-26 01:45:00+05:45,52.858666483561194
14720442,2025-11-26 02:45:00+05:45,58.52733357747396
14720442,2025-11-26 03:45:00+05:45,54.51399993896485
14720442,2025-11-26 04:45:00+05:45,57.1111666361491
14720442,2025-11-26 05:45:00+05:45,65.40250015258788
14720442,2025-11-26 06:45:00+05:45,77.37483342488606
14720442,2025-11-26 07:45:00+05:45,92.08600006103516
14720442,2025-11-26 08:45:00+05:45,93.53616663614908
14720442,2025-11-26 09:45:00+05:45,76.76983311971027
14720442,2025-11-26 10:45:00+05:45,71.09733327229816
14720442,2025-11-26 11:45:00+05:45,42.027666632334395
14720442,2025-11-26 12:45:00+05:45,29.708500067392983
14720442,2025-11-26 13:45:00+05:45,37.666999944051106
14720442,2025-11-26 14:45:00+05:45,44.06683324178059
14720442,2025-11-26 15:45:00+05:45,39.67261089748806
14720442,2025-11-26 16:45:00+05:45,41.172000122070315
14720442,2025-11-26 17:45:00+05:45,52.12566630045572
14720442,2025-11-26 18:45:00+05:45,62.788055377536345
14720442,2025-11-26 19:45:00+05:45,74.45373634762235
14720442,2025-11-26 20:45:00+05:45,109.53583348592124
14720442,2025-11-26 21:45:00+05:45,87.3300003051758
14720442,2025-11-26 22:45:00+05:45,59.1561663309733
14720442,2025-11-26 23:45:00+05:45,55.465833791097005
14720442,2025-11-27 00:45:00+05:45,58.171833546956385
14720442,2025-11-27 01:45:00+05:45,52.31650009155274
14720442,2025-11-27 02:45:00+05:45,62.0086664835612
14720442,2025-11-27 03:45:00+05:45,49.355166880289715
14720442,2025-11-27 04:45:00+05:45,49.02733357747395
14720442,2025-11-27 05:45:00+05:45,57.33016688028971
14720442,2025-11-27 06:45:00+05:45,68.33633321126302
14720442,2025-11-27 07:45:00+05:45,93.2556666056315
14720442,2025-11-27 08:45:00+05:45,108.05566660563152
14720442,2025-11-27 09:45:00+05:45,125.12449989318849
14720442,2025-11-27 10:45:00+05:45,135.38616663614908
14720442,2025-11-27 11:45:00+05:45,134.1688336690267
14720442,2025-11-27 12:45:00+05:45,120.00649948120116
14720442,2025-11-27 13:45:00+05:45,101.4221663157145
14720442,2025-11-27 14:45:00+05:45,49.264166386922206
14720442,2025-11-27 15:45:00+05:45,44.15849990844726
14720442,2025-11-27 16:45:00+05:45,58.89116694132486
14720442,2025-11-27 17:45:00+05:45,103.42200012207032
14720442,2025-11-27 18:45:00+05:45,109.91900024414063
14720442,2025-11-27 19:45:00+05:45,166.38850021362308
14720442,2025-11-27 20:45:00+05:45,173.23583348592123
14720442,2025-11-27 21:45:00+05:45,113.05929152170818
14720442,2025-11-27 22:45:00+05:45,129.3556666056315
14720442,2025-11-27 23:45:00+05:45,95.66666666666669
14720442,2025-11-28 00:45:00+05:45,67.56883366902669
14720442,2025-11-28 01:45:00+05:45,82.84449996948241
14720442,2025-11-28 02:45:00+05:45,75.53116633097329
14720442,2025-11-28 03:45:00+05:45,74.8254997253418
14720442,2025-11-28 04:45:00+05:45,80.55033315022787
14720442,2025-11-28 05:45:00+05:45,90.70833333333331
14720442,2025-11-28 06:45:00+05:45,111.9080001831055
14720442,2025-11-28 07:45:00+05:45,125.9495002746582
14720442,2025-11-28 08:45:00+05:45,131.15866648356123
14720442,2025-11-28 09:45:00+05:45,103.9141665140788
14720442,2025-11-28 10:45:00+05:45,71.325
14720442,2025-11-28 11:45:00+05:45,58.125333150227874
14720442,2025-11-28 12:45:00+05:45,37.32549988428752
14720442,2025-11-28 13:45:00+05:45,29.04768048657311
14720442,2025-11-28 14:45:00+05:45,33.446166491508485
14720442,2025-11-28 15:45:00+05:45,32.71650009155274
14720442,2025-11-28 16:45:00+05:45,46.816833114624025
14720442,2025-11-28 17:45:00+05:45,47.49433339436849
14720442,2025-11-28 18:45:00+05:45,65.27416712443033
14720442,2025-11-28 19:45:00+05:45,101.20833333333331
14720442,2025-11-28 20:45:00+05:45,126.61083348592123
14720442,2025-11-28 21:45:00+05:45,109.50883305867512
14720442,2025-11-28 22:45:00+05:45,84.1220001220703
14720442,2025-11-28 23:45:00+05:45,68.87200012207032
14720442,2025-11-29 00:45:00+05:45,51.88283360799155
14720442,2025-11-29 01:45:00+05:45,49.61900024414063
14720442,2025-11-29 02:45:00+05:45,48.03616663614908
14720442,2025-11-29 03:45:00+05:45,51.575
14720442,2025-11-29 04:45:00+05:45,48.425
14720442,2025-11-29 05:45:00+05:45,53.88866678873698
14720442,2025-11-29 06:45:00+05:45,87.61083348592125
14720442,2025-11-29 07:45:00+05:45,115.19166666666663
14720442,2025-11-29 08:45:00+05:45,96.2652500152588
14720442,2025-11-29 09:45:00+05:45,116.22783330281574
14720442,2025-11-29 10:45:00+05:45,95.53600006103515
14720442,2025-11-29 11:45:00+05:45,33.77183361053467
14720442,2025-11-29 12:45:00+05:45,10.554833316802975
14720442,2025-11-29 13:45:00+05:45,7.794666671752928
14720442,2025-11-29 14:45:00+05:45,6.109041666984559
14720442,2025-11-29 15:45:00+05:45,14.608333333333336
14720442,2025-11-29 16:45:00+05:45,30.38033339182536
14720442,2025-11-29 17:45:00+05:45,42.98850021362305
14720442,2025-11-29 18:45:00+05:45,57.844833119710295
14720447,2025-11-25 14:45:00+05:45,49.75533345540365
14720447,2025-11-25 15:45:00+05:45,47.83891665140788
14720447,2025-11-25 16:45:00+05:45,68.4
14720447,2025-11-25 17:45:00+05:45,56.65933354695639
14720447,2025-11-25 18:45:00+05:45,67.32849960327148
14720447,2025-11-25 19:45:00+05:45,98.425
14720447,2025-11-25 20:45:00+05:45,91.1168332417806
14720447,2025-11-25 21:45:00+05:45,75.27938902113173
14720447,2025-11-25 22:45:00+05:45,74.28383305867514
14720447,2025-11-25 23:45:00+05:45,67.28033345540364
14720447,2025-11-26 00:45:00+05:45,59.59449996948243
14720447,2025-11-26 01:45:00+05:45,57.96466623942058
14720447,2025-11-26 02:45:00+05:45,63.05599975585937
14720447,2025-11-26 03:45:00+05:45,57.7163335164388
14720447,2025-11-26 04:45:00+05:45,60.51433308919271
14720447,2025-11-26 05:45:00+05:45,58.64433339436849
14720447,2025-11-26 06:45:00+05:45,67.11666666666666
14720447,2025-11-26 07:45:00+05:45,83.8693333943685
14720447,2025-11-26 08:45:00+05:45,113.63383305867514
14720447,2025-11-26 09:45:00+05:45,83.0051668802897
14720447,2025-11-26 10:45:00+05:45,67.17200012207032
14720447,2025-11-26 11:45:00+05:45,40.63583345413208
14720447,2025-11-26 12:45:00+05:45,33.92766653696696
14720447,2025-11-26 13:45:00+05:45,32.66900018056234
14720447,2025-11-26 14:45:00+05:45,41.105333455403645
14720447,2025-11-26 15:45:00+05:45,40.44304129282634
14720447,2025-11-26 16:45:00+05:45,44.12249984741211
14720447,2025-11-26 17:45:00+05:45,59.71083348592122
14720447,2025-11-26 18:45:00+05:45,82.3029998779297
14720447,2025-11-26 19:45:00+05:45,87.97016626993815
14720447,2025-11-26 20:45:00+05:45,85.66699981689453
14720447,2025-11-26 21:45:00+05:45,74.66350021362304
14720447,2025-11-26 22:45:00+05:45,67.44233296712238
14720447,2025-11-26 23:45:00+05:45,81.51683324178059
14720447,2025-11-27 00:45:00+05:45,68.16916681925456
14720447,2025-11-27 01:45:00+05:45,53.63066660563151
14720447,2025-11-27 02:45:00+05:45,51.77766672770182
14720447,2025-11-27 03:45:00+05:45,63.27183354695638
14720447,2025-11-27 04:45:00+05:45,61.48333333333334
14720447,2025-11-27 05:45:00+05:45,68.50783360799154
14720447,2025-11-27 06:45:00+05:45,72.54700012207032
14720447,2025-11-27 07:45:00+05:45,80.0
14720447,2025-11-27 09:45:00+05:45,152.51199994768416
14720447,2025-11-27 10:45:00+05:45,156.27283299763997
14720447,2025-11-27 11:45:00+05:45,156.4438336690267
14720447,2025-11-27 12:45:00+05:45,145.14416681925456
14720447,2025-11-27 13:45:00+05:45,80.91100006103515
14720447,2025-11-27 14:45:00+05:45,40.24449993769327
14720447,2025-11-27 15:45:00+05:45,79.46933339436849
14720447,2025-11-27 16:45:00+05:45,81.15016657511394
14720447,2025-11-27 17:45:00+05:45,132.0611666361491
14720447,2025-11-27 18:45:00+05:45,115.1998334248861
14720447,2025-11-27 19:45:00+05:45,133.9473332722982
14720447,2025-11-27 20:45:00+05:45,163.06350021362303
14720447,2025-11-27 21:45:00+05:45,147.71966654459638
14720447,2025-11-27 22:45:00+05:45,119.62820847829182
14720447,2025-11-27 23:45:00+05:45,94.40083287556968
14720447,2025-11-28 00:45:00+05:45,78.89766642252604
14720447,2025-11-28 01:45:00+05:45,76.57816645304362
14720447,2025-11-28 02:45:00+05:45,71.70550003051757
14720447,2025-11-28 03:45:00+05:45,68.7525001525879
14720447,2025-11-28 04:45:00+05:45,80.91383336385093
14720447,2025-11-28 05:45:00+05:45,90.3359167734782
14720447,2025-11-28 06:45:00+05:45,112.59199981689451
14720447,2025-11-28 07:45:00+05:45,113.40783360799156
14720447,2025-11-28 08:45:00+05:45,139.3224998474121
14720447,2025-11-28 09:45:00+05:45,131.01149978637696
14720447,2025-11-28 10:45:00+05:45,85.35283330281577
14720447,2025-11-28 11:45:00+05:45,56.144666544596355
14720447,2025-11-28 12:45:00+05:45,37.555499935150145
14720447,2025-11-28 13:45:00+05:45,34.37516657511393
14720447,2025-11-28 14:45:00+05:45,32.252500184377034
14720447,2025-11-28 15:45:00+05:45,33.36733315785726
14720447,2025-11-28 16:45:00+05:45,34.23599999745688
14720447,2025-11-28 17:45:00+05:45,44.138833363850914
14720447,2025-11-28 18:45:00+05:45,46.00266672770183
14720447,2025-11-28 19:45:00+05:45,83.16399993896484
14720447,2025-11-28 20:45:00+05:45,71.1668332417806
14720447,2025-11-28 21:45:00+05:45,62.72816645304362
14720447,2025-11-28 22:45:00+05:45,63.79183324178059
14720447,2025-11-28 23:45:00+05:45,63.152666727701835
14720447,2025-11-29 00:45:00+05:45,56.544000244140626
14720447,2025-11-29 01:45:00+05:45,58.90200004577636
14720447,2025-11-29 02:45:00+05:45,54.70033315022786
14720447,2025-11-29 03:45:00+05:45,53.555833180745445
14720447,2025-11-29 04:45:00+05:45,53.64716669718425
14720447,2025-11-29 05:45:00+05:45,67.38833363850912
14720447,2025-11-29 06:45:00+05:45,90.9331672668457
14720447,2025-11-29 07:45:00+05:45,89.54716669718425
14720447,2025-11-29 08:45:00+05:45,165.18866577148438
14720447,2025-12-09 10:45:00+05:45,144.11166636149088
14720447,2025-12-12 09:45:00+05:45,118.91545437899504
14720447,2025-12-12 10:45:00+05:45,107.2866663614909
14720447,2025-12-12 11:45:00+05:45,76.55508321126301
14720447,2025-12-12 12:45:00+05:45,54.936166636149096
14720447,2025-12-12 13:45:00+05:45,40.33000183105469
14720447,2025-12-12 14:45:00+05:45,40.22766672770182
14720447,2025-12-12 15:45:00+05:45,39.06633351643881
14720447,2025-12-12 16:45:00+05:45,53.141999816894526
14720447,2025-12-12 17:45:00+05:45,64.64683354695639
14792689,2025-12-04 09:45:00+05:45,68.37900009155273
14793466,2025-12-04 09:45:00+05:45,94.21183319091796
14793466,2025-12-04 10:45:00+05:45,86.64983342488607
14793466,2025-12-04 11:45:00+05:45,83.33850021362304
14793466,2025-12-04 12:45:00+05:45,69.29199956258138
14793466,2025-12-04 13:45:00+05:45,62.00283330281576
14793466,2025-12-04 14:45:00+05:45,44.44166666666666
14793466,2025-12-04 15:45:00+05:45,52.58620025634766
14793466,2025-12-04 16:45:00+05:45,55.24977756076388
14793466,2025-12-04 17:45:00+05:45,73.1111666361491
14793466,2025-12-04 18:45:00+05:45,69.65
14793466,2025-12-04 19:45:00+05:45,74.3026667277018
14793466,2025-12-04 20:45:00+05:45,99.6866663614909
14793466,2025-12-04 21:45:00+05:45,68.19449996948244
14793466,2025-12-04 22:45:00+05:45,53.72266642252604
14793466,2025-12-04 23:45:00+05:45,50.16933339436849
14793466,2025-12-05 00:45:00+05:45,48.75
14793466,2025-12-05 01:45:00+05:45,57.21383336385092
14793466,2025-12-05 02:45:00+05:45,70.38833363850911
14793466,2025-12-05 03:45:00+05:45,68.30299987792968
14793466,2025-12-05 04:45:00+05:45,56.00599975585937
14793466,2025-12-05 05:45:00+05:45,65.48600006103517
14793466,2025-12-05 06:45:00+05:45,82.7
14793466,2025-12-05 07:45:00+05:45,84.56666666666668
14793466,2025-12-05 08:45:00+05:45,83.17750015258788
14793466,2025-12-05 09:45:00+05:45,84.72266642252602
14793466,2025-12-05 10:45:00+05:45,79.99499969482422
14793466,2025-12-05 11:45:00+05:45,66.70583318074544
14793466,2025-12-05 12:45:00+05:45,50.611374855041504
14793466,2025-12-05 13:45:00+05:45,50.56116663614909
14793466,2025-12-05 14:45:00+05:45,44.13850021362305
14793466,2025-12-05 15:45:00+05:45,46.6663335164388
14793466,2025-12-05 16:45:00+05:45,58.27483342488606
14793466,2025-12-05 17:45:00+05:45,67.12716700236003
14793466,2025-12-05 18:45:00+05:45,66.36083348592122
14793466,2025-12-05 19:45:00+05:45,95.1618329366048
14793466,2025-12-05 20:45:00+05:45,87.87233327229819
14793466,2025-12-05 21:45:00+05:45,61.9306666056315
14793466,2025-12-05 22:45:00+05:45,57.19216639200846
14793466,2025-12-05 23:45:00+05:45,67.14133351643879
14793466,2025-12-06 00:45:00+05:45,53.48050003051758
14793466,2025-12-06 01:45:00+05:45,56.3745002746582
14793466,2025-12-06 02:45:00+05:45,51.59433339436848
14793466,2025-12-06 03:45:00+05:45,55.2366663614909
14793466,2025-12-06 04:45:00+05:45,67.29966684977212
14793466,2025-12-06 05:45:00+05:45,66.74216639200846
14793466,2025-12-06 06:45:00+05:45,88.4836664835612
14793466,2025-12-06 07:45:00+05:45,110.96650009155272
14793466,2025-12-06 08:45:00+05:45,130.35725021362305
14793466,2025-12-06 09:45:00+05:45,132.5979995727539
14793466,2025-12-06 10:45:00+05:45,94.05216700236002
14793466,2025-12-06 11:45:00+05:45,60.79416681925456
14793466,2025-12-06 12:45:00+05:45,47.4586664835612
14793466,2025-12-06 13:45:00+05:45,46.696833546956384
14793466,2025-12-06 14:45:00+05:45,48.658833058675135
14793466,2025-12-06 15:45:00+05:45,45.09700012207031
14793466,2025-12-06 16:45:00+05:45,53.141333516438806
14793466,2025-12-06 17:45:00+05:45,63.73565252092149
14793466,2025-12-06 18:45:00+05:45,71.26050033569338
14793466,2025-12-06 19:45:00+05:45,74.81133321126302
14793466,2025-12-06 20:45:00+05:45,77.9331667582194
14793466,2025-12-06 21:45:00+05:45,76.13899993896486
14793466,2025-12-06 22:45:00+05:45,54.78083318074544
14793466,2025-12-06 23:45:00+05:45,49.55833333333334
14793466,2025-12-07 00:45:00+05:45,50.11133321126302
14793466,2025-12-07 01:45:00+05:45,46.56949996948242
14793466,2025-12-07 02:45:00+05:45,47.65316645304362
14793466,2025-12-07 03:45:00+05:45,50.7836664835612
14793466,2025-12-07 04:45:00+05:45,54.573416773478186
14793466,2025-12-07 05:45:00+05:45,75.7
14793466,2025-12-07 06:45:00+05:45,88.64950027465822
14793466,2025-12-07 07:45:00+05:45,115.4534996032715
14793466,2025-12-07 08:45:00+05:45,145.30849990844726
14793466,2025-12-07 09:45:00+05:45,143.7026664733887
14793466,2025-12-07 10:45:00+05:45,104.27200012207032
14793466,2025-12-07 11:45:00+05:45,82.8918332417806
14793466,2025-12-07 12:45:00+05:45,87.89983342488607
14793466,2025-12-07 13:45:00+05:45,68.03600006103515
14793466,2025-12-07 14:45:00+05:45,76.78500061035156
14793466,2025-12-07 15:45:00+05:45,66.13600006103515
14793466,2025-12-07 16:45:00+05:45,80.37750015258788
14793466,2025-12-07 17:45:00+05:45,75.4831667582194
14793466,2025-12-07 18:45:00+05:45,87.72799987792969
14793466,2025-12-07 19:45:00+05:45,81.08649978637696
14793466,2025-12-07 20:45:00+05:45,67.15283330281575
14793466,2025-12-07 21:45:00+05:45,73.18883336385092
14793466,2025-12-07 22:45:00+05:45,70.40016657511394
14793466,2025-12-07 23:45:00+05:45,67.60533345540365
14793466,2025-12-08 00:45:00+05:45,54.733666483561194
14793466,2025-12-08 01:45:00+05:45,62.908000183105464
14793466,2025-12-08 02:45:00+05:45,59.20583318074544
14793466,2025-12-08 03:45:00+05:45,48.114333089192705
14793466,2025-12-08 04:45:00+05:45,58.29199981689453
14793466,2025-12-08 05:45:00+05:45,72.73068666458131
14793466,2025-12-08 06:45:00+05:45,99.12188907199436
14793466,2025-12-08 07:45:00+05:45,143.8300018310547
14793466,2025-12-08 08:45:00+05:45,129.4833749771118
14793466,2025-12-08 09:45:00+05:45,150.93895278204056
14793466,2025-12-08 10:45:00+05:45,108.74183324178058
14793466,2025-12-08 11:45:00+05:45,85.625
14793466,2025-12-08 12:45:00+05:45,54.40016657511393
14974921,2025-12-24 11:45:00+05:45,45.611111111111114
14974921,2025-12-24 12:45:00+05:45,48.19433339436848
14974921,2025-12-24 13:45:00+05:45,46.15
14974921,2025-12-24 14:45:00+05:45,41.41461122300889
14974921,2025-12-24 15:45:00+05:45,49.68583348592123
14974921,2025-12-24 16:45:00+05:45,61.30266672770181
14974921,2025-12-24 17:45:00+05:45,73.52016626993816
14974921,2025-12-24 18:45:00+05:45,66.24516626993814
14974921,2025-12-24 19:45:00+05:45,65.68850021362304
14974921,2025-12-24 20:45:00+05:45,65.93916651407878
14974921,2025-12-24 21:45:00+05:45,58.46683324178061
14974921,2025-12-24 22:45:00+05:45,53.91933339436849
14974921,2025-12-24 23:45:00+05:45,48.93366648356119
14974921,2025-12-25 00:45:00+05:45,73.7138333638509
14974921,2025-12-25 01:45:00+05:45,58.886166636149085
14974921,2025-12-25 02:45:00+05:45,56.638500213623054
14974921,2025-12-25 03:45:00+05:45,51.85833333333332
14974921,2025-12-25 04:45:00+05:45,52.45316645304362
14974921,2025-12-25 05:45:00+05:45,62.43333333333333
14974921,2025-12-25 06:45:00+05:45,114.99733327229818
14974921,2025-12-25 07:45:00+05:45,89.67433369954428
14974921,2025-12-25 08:45:00+05:45,87.07700042724609
14974921,2025-12-25 09:45:00+05:45,57.63833363850912
14974921,2025-12-25 10:45:00+05:45,46.96949996948243
14974921,2025-12-25 11:45:00+05:45,42.550166575113934
14974921,2025-12-25 12:45:00+05:45,48.891333516438806
14974921,2025-12-25 13:45:00+05:45,57.52200012207032
14974921,2025-12-25 14:45:00+05:45,57.55283330281575
14974921,2025-12-25 15:45:00+05:45,49.73050003051758
14974921,2025-12-25 16:45:00+05:45,55.302666727701826
14974921,2025-12-25 17:45:00+05:45,63.063666788736974
14974921,2025-12-25 18:45:00+05:45,103.90833333333332
14974921,2025-12-25 19:45:00+05:45,117.26983311971028
14974921,2025-12-25 20:45:00+05:45,114.18316701253258
14974921,2025-12-25 21:45:00+05:45,96.26050033569337
14974921,2025-12-25 22:45:00+05:45,86.78866678873699
14974921,2025-12-25 23:45:00+05:45,79.64449996948242
14974921,2025-12-26 00:45:00+05:45,80.4076670328776
14974921,2025-12-26 01:45:00+05:45,78.08850021362305
14974921,2025-12-26 02:45:00+05:45,64.66366678873696
14974921,2025-12-26 03:45:00+05:45,77.34774971008301
14974921,2025-12-26 04:45:00+05:45,84.76350021362305
14974921,2025-12-26 05:45:00+05:45,97.7059997558594
14974921,2025-12-26 06:45:00+05:45,128.71933339436848
14974921,2025-12-26 07:45:00+05:45,152.4418332417806
14974921,2025-12-26 08:45:00+05:45,126.95466639200843
14974921,2025-12-26 09:45:00+05:45,139.79999999999998
14974921,2025-12-26 10:45:00+05:45,121.68966623942056
14974921,2025-12-26 11:45:00+05:45,62.72804152170817
14974921,2025-12-26 12:45:00+05:45,48.91658337910969
14974921,2025-12-28 14:45:00+05:45,45.2282219780816
14974921,2025-12-28 15:45:00+05:45,44.175
14974921,2025-12-28 16:45:00+05:45,55.56633351643881
14974921,2025-12-28 17:45:00+05:45,55.26166636149089
14974921,2025-12-28 18:45:00+05:45,89.04966684977212
14974921,2025-12-28 19:45:00+05:45,123.91116663614908
14974921,2025-12-28 20:45:00+05:45,86.57216669718424
14974921,2025-12-28 21:45:00+05:45,100.72716700236003
14974921,2025-12-28 22:45:00+05:45,69.58333333333333
14974921,2025-12-28 23:45:00+05:45,67.48083318074545
14974921,2025-12-29 00:45:00+05:45,73.91416651407877
14974921,2025-12-29 01:45:00+05:45,95.21416651407878
14974921,2025-12-29 02:45:00+05:45,102.60533370971682
14974921,2025-12-29 03:45:00+05:45,70.90299987792969
14974921,2025-12-29 04:45:00+05:45,65.94150009155273
14974921,2025-12-29 05:45:00+05:45,155.689333597819
14974921,2025-12-29 06:45:00+05:45,180.10283330281575
14974921,2025-12-29 07:45:00+05:45,118.18062458038332
14974921,2025-12-29 08:45:00+05:45,92.53566691080732
14974921,2025-12-29 09:45:00+05:45,113.00599975585936
14974921,2025-12-29 10:45:00+05:45,108.15016657511394
14974921,2025-12-29 11:45:00+05:45,69.41116663614909
14974921,2025-12-29 12:45:00+05:45,71.77200012207031
14974921,2025-12-29 13:45:00+05:45,49.71166636149089
14974921,2025-12-29 14:45:00+05:45,48.77799987792968
14974921,2025-12-29 15:45:00+05:45,46.363666788736985
14974921,2025-12-29 16:45:00+05:45,48.30516688028971
14974921,2025-12-29 17:45:00+05:45,71.63866678873698
14974921,2025-12-29 18:45:00+05:45,80.61699981689453
14974921,2025-12-29 19:45:00+05:45,75.27783330281575
14974921,2025-12-29 20:45:00+05:45,106.17783330281576
14974921,2025-12-29 21:45:00+05:45,92.36716639200849
14974921,2025-12-29 22:45:00+05:45,85.69700012207032
14974921,2025-12-29 23:45:00+05:45,69.47733357747397
14974921,2025-12-30 00:45:00+05:45,87.0111666361491
14974921,2025-12-30 01:45:00+05:45,81.44199981689452
14974921,2025-12-30 02:45:00+05:45,75.98333333333333
14974921,2025-12-30 03:45:00+05:45,65.84749984741212
14974921,2025-12-30 04:45:00+05:45,69.3720001220703
14974921,2025-12-30 05:45:00+05:45,131.6443333943685
14974921,2025-12-30 06:45:00+05:45,166.65833333333333
14974921,2025-12-30 07:45:00+05:45,147.83083318074543
14974921,2025-12-30 08:45:00+05:45,124.48333333333332
14974921,2025-12-30 10:45:00+05:45,104.8131670633952
14974921,2025-12-30 11:45:00+05:45,85.74150009155274
14974921,2025-12-30 12:45:00+05:45,59.555833180745445
14974921,2025-12-30 13:45:00+05:45,46.430999755859375
14974921,2025-12-30 14:45:00+05:45,44.6110834757487
14974921,2025-12-30 15:45:00+05:45,45.47799987792968
14974921,2025-12-30 16:45:00+05:45,49.1413335164388
15374668,2026-02-06 13:45:00+05:45,52.60311143663194
15374668,2026-02-06 14:45:00+05:45,65.02766672770181
15374668,2026-02-06 15:45:00+05:45,52.34880544874403
15374668,2026-02-06 16:45:00+05:45,57.16781810413708
15374668,2026-02-06 17:45:00+05:45,70.01900024414063
15374668,2026-02-06 18:45:00+05:45,87.38866678873698
15374668,2026-02-06 19:45:00+05:45,103.28083318074545
15374668,2026-02-06 20:45:00+05:45,103.16916681925456
15374668,2026-02-06 21:45:00+05:45,112.05566660563152
15374668,2026-02-06 22:45:00+05:45,103.35550003051758
15374668,2026-02-06 23:45:00+05:45,98.92483342488606
15374668,2026-02-07 00:45:00+05:45,91.07483342488604
15374668,2026-02-07 01:45:00+05:45,88.65016657511393
15374668,2026-02-07 02:45:00+05:45,86.92716700236002
15374668,2026-02-07 03:45:00+05:45,96.70883305867513
15374668,2026-02-07 04:45:00+05:45,95.39387531280518
15374668,2026-02-07 05:45:00+05:45,93.5361666361491
15374668,2026-02-07 06:45:00+05:45,101.04499969482424
15374668,2026-02-07 07:45:00+05:45,145.84420846303303
15374668,2026-02-07 08:45:00+05:45,121.73366648356118
15374668,2026-02-07 09:45:00+05:45,117.77216669718422
15374668,2026-02-07 10:45:00+05:45,93.40833333333336
15374668,2026-02-07 11:45:00+05:45,66.28933308919271
15374668,2026-02-07 12:45:00+05:45,51.68050003051757
15374668,2026-02-07 13:45:00+05:45,50.193833669026695
15374668,2026-02-07 14:45:00+05:45,55.8114585240682
15374668,2026-02-07 15:45:00+05:45,56.313666788736974
15374668,2026-02-07 16:45:00+05:45,60.974833424886064
15374668,2026-02-07 17:45:00+05:45,70.02450027465821
15374668,2026-02-07 18:45:00+05:45,75.35800018310546
15374668,2026-02-07 19:45:00+05:45,71.44749984741212
15374668,2026-02-07 20:45:00+05:45,75.42583287556965
15374668,2026-02-07 21:45:00+05:45,75.53583348592123
15374668,2026-02-07 22:45:00+05:45,72.84733327229817
15374668,2026-02-07 23:45:00+05:45,74.57816645304361
15374668,2026-02-08 00:45:00+05:45,71.66916681925456
15374668,2026-02-08 01:45:00+05:45,80.58583348592123
15374668,2026-02-08 02:45:00+05:45,79.93016688028972
15374668,2026-02-08 03:45:00+05:45,80.5020004272461
15374668,2026-02-08 04:45:00+05:45,84.50216700236004
15374668,2026-02-08 05:45:00+05:45,86.42500000000001
15374668,2026-02-08 06:45:00+05:45,94.09983342488609
15374668,2026-02-08 07:45:00+05:45,116.63083318074546
15374668,2026-02-08 08:45:00+05:45,107.24199981689452
15374668,2026-02-08 09:45:00+05:45,102.83349990844728
15374668,2026-02-08 10:45:00+05:45,95.34683354695638
15374668,2026-02-08 11:45:00+05:45,70.46133321126301
15374668,2026-02-08 12:45:00+05:45,60.21922234429254
15374668,2026-02-08 13:45:00+05:45,59.28083318074545
15374668,2026-02-08 14:45:00+05:45,52.99166666666667
15374668,2026-02-08 15:45:00+05:45,51.53033345540365
15374668,2026-02-08 16:45:00+05:45,56.577666727701825
15374668,2026-02-08 17:45:00+05:45,70.1138333638509
15374668,2026-02-08 18:45:00+05:45,78.43583348592124
15374668,2026-02-08 19:45:00+05:45,96.34150009155272
15374668,2026-02-08 20:45:00+05:45,103.33649978637692
15374668,2026-02-08 21:45:00+05:45,94.83649978637692
15374668,2026-02-08 22:45:00+05:45,87.50916620890298
15374668,2026-02-08 23:45:00+05:45,81.5331667582194
15374668,2026-02-09 00:45:00+05:45,78.6
15374668,2026-02-09 01:45:00+05:45,81.03066660563151
15374668,2026-02-09 02:45:00+05:45,88.27549972534182
15374668,2026-02-09 03:45:00+05:45,91.22233327229816
15374668,2026-02-09 04:45:00+05:45,91.31433308919271
15374668,2026-02-09 05:45:00+05:45,102.50566660563152
15374668,2026-02-09 06:45:00+05:45,108.6391665140788
15374668,2026-02-09 07:45:00+05:45,109.1025001525879
15374668,2026-02-09 08:45:00+05:45,129.90283330281576
15374668,2026-02-09 09:45:00+05:45,148.9275001525879
15374668,2026-02-09 10:45:00+05:45,114.8551668802897
15374668,2026-02-09 11:45:00+05:45,125.25533345540366
15374668,2026-02-09 12:45:00+05:45,82.2056666056315
15374668,2026-02-09 13:45:00+05:45,60.16650009155273
15374668,2026-02-09 14:45:00+05:45,75.69166666666668
15374668,2026-02-09 15:45:00+05:45,67.96666666666665
15374668,2026-02-09 16:45:00+05:45,73.75891672770182
15374668,2026-02-09 17:45:00+05:45,90.30800018310548
15374668,2026-02-09 18:45:00+05:45,106.60033315022784
15374668,2026-02-09 19:45:00+05:45,119.425
15374668,2026-02-09 20:45:00+05:45,130.57233327229818
15374668,2026-02-09 21:45:00+05:45,139.49716669718424
15374668,2026-02-09 22:45:00+05:45,143.6779998779297
15374668,2026-02-09 23:45:00+05:45,117.22783330281574
15374668,2026-02-10 00:45:00+05:45,117.79150009155272
15374668,2026-02-10 01:45:00+05:45,116.16083348592122
15374668,2026-02-10 02:45:00+05:45,117.72783330281575
15374668,2026-02-10 03:45:00+05:45,119.07200012207028
15374668,2026-02-10 04:45:00+05:45,118.94416681925456
15374668,2026-02-10 05:45:00+05:45,130.39766642252604
15374668,2026-02-10 06:45:00+05:45,147.61916681925453
15374668,2026-02-10 07:45:00+05:45,158.86666666666665
15374668,2026-02-10 08:45:00+05:45,165.8198331197103
15374668,2026-02-10 09:45:00+05:45,172.88333333333335
15374668,2026-02-10 10:45:00+05:45,136.26933339436846
15374668,2026-02-10 11:45:00+05:45,75.26083348592124
15374668,2026-02-10 12:45:00+05:45,60.96366678873699
15374668,2026-02-10 13:45:00+05:45,48.03616663614909
15374668,2026-02-12 11:45:00+05:45,63.084999084472656
15374668,2026-02-12 12:45:00+05:45,55.61110578594785
15374668,2026-02-12 13:45:00+05:45,53.3668332417806
15750367,2026-03-22 16:45:00+05:45,19.5
15750367,2026-03-22 17:45:00+05:45,24.4
15750367,2026-03-22 18:45:00+05:45,53.6
15750367,2026-03-23 13:45:00+05:45,28.3
15750367,2026-03-23 14:45:00+05:45,29.2
15750367,2026-03-23 15:45:00+05:45,36.1
15750367,2026-03-23 16:45:00+05:45,43.6
15750367,2026-03-23 17:45:00+05:45,38.8
15750367,2026-03-23 19:45:00+05:45,46.0
15750367,2026-03-23 20:45:00+05:45,39.8
15750367,2026-03-23 21:45:00+05:45,37.7
15750367,2026-03-23 22:45:00+05:45,39.9
15750367,2026-03-23 23:45:00+05:45,42.4
15750367,2026-03-24 00:45:00+05:45,41.5
15750367,2026-03-24 01:45:00+05:45,42.4
15750367,2026-03-24 02:45:00+05:45,43.2
15750367,2026-03-24 11:45:00+05:45,31.5
15750367,2026-03-24 12:45:00+05:45,41.1
15750367,2026-03-24 15:45:00+05:45,43.7
15750367,2026-03-24 16:45:00+05:45,368.3
15750367,2026-03-24 17:45:00+05:45,347.1
15750367,2026-03-24 18:45:00+05:45,192.9
15750367,2026-03-24 19:45:00+05:45,41.1
15750367,2026-03-24 20:45:00+05:45,41.4
15750367,2026-03-24 21:45:00+05:45,49.5
15750367,2026-03-24 22:45:00+05:45,49.6
15750367,2026-03-24 23:45:00+05:45,53.3
15750367,2026-03-25 00:45:00+05:45,53.5
15750367,2026-03-25 01:45:00+05:45,58.4
15750367,2026-03-25 02:45:00+05:45,53.4
15750367,2026-03-25 03:45:00+05:45,54.0
15750367,2026-03-25 04:45:00+05:45,66.8
15750367,2026-03-25 05:45:00+05:45,61.6
15750367,2026-03-25 06:45:00+05:45,64.3
15750367,2026-03-25 07:45:00+05:45,84.9
15750367,2026-03-25 08:45:00+05:45,100.9
15750367,2026-03-25 09:45:00+05:45,97.6
15750367,2026-03-25 10:45:00+05:45,58.9
15750367,2026-03-25 11:45:00+05:45,33.7
15750367,2026-03-25 12:45:00+05:45,30.5
15750367,2026-03-25 13:45:00+05:45,37.1
15750367,2026-03-25 14:45:00+05:45,44.0
15750367,2026-03-25 15:45:00+05:45,47.1
15750367,2026-03-25 16:45:00+05:45,53.3
15750367,2026-03-25 17:45:00+05:45,60.3
15750367,2026-03-25 18:45:00+05:45,67.4
15750367,2026-03-25 19:45:00+05:45,73.7
15750367,2026-03-25 20:45:00+05:45,77.3
15750367,2026-03-25 21:45:00+05:45,81.2
15750367,2026-03-25 22:45:00+05:45,81.0
15750367,2026-03-25 23:45:00+05:45,68.4
15750367,2026-03-26 00:45:00+05:45,77.5
15750367,2026-03-26 01:45:00+05:45,68.9
15750367,2026-03-26 02:45:00+05:45,53.7
15750367,2026-03-26 03:45:00+05:45,56.6
15750367,2026-03-26 04:45:00+05:45,67.3
15750367,2026-03-26 05:45:00+05:45,70.8
15750367,2026-03-26 06:45:00+05:45,70.8
15750367,2026-03-26 07:45:00+05:45,111.7
15750367,2026-03-26 08:45:00+05:45,124.8
15750367,2026-03-26 09:45:00+05:45,88.2
15750367,2026-03-26 10:45:00+05:45,65.3
15750367,2026-03-26 11:45:00+05:45,46.3
15750367,2026-03-26 12:45:00+05:45,47.3
15750367,2026-03-26 13:45:00+05:45,53.9
15750367,2026-03-26 14:45:00+05:45,177.1
15750367,2026-03-26 15:45:00+05:45,62.1
15750367,2026-03-26 16:45:00+05:45,60.3
15750367,2026-03-26 17:45:00+05:45,61.0
15750367,2026-03-26 18:45:00+05:45,70.7
15750367,2026-03-26 19:45:00+05:45,75.3
15750367,2026-03-26 20:45:00+05:45,76.4
15750367,2026-03-26 21:45:00+05:45,82.8
15750367,2026-03-26 22:45:00+05:45,92.2
15750367,2026-03-26 23:45:00+05:45,93.2
15750367,2026-03-27 00:45:00+05:45,92.5
15750367,2026-03-27 01:45:00+05:45,91.6
15750367,2026-03-27 02:45:00+05:45,58.0
15750367,2026-03-27 03:45:00+05:45,65.0
15750367,2026-03-27 04:45:00+05:45,82.9
15750367,2026-03-27 05:45:00+05:45,88.1
15750367,2026-03-27 06:45:00+05:45,105.8
15750367,2026-03-27 07:45:00+05:45,110.9
15750367,2026-03-27 08:45:00+05:45,106.2
15750367,2026-03-27 09:45:00+05:45,86.5
15750367,2026-03-27 10:45:00+05:45,63.5
15750367,2026-03-27 11:45:00+05:45,50.5
15750367,2026-03-27 12:45:00+05:45,50.7
15750367,2026-03-27 13:45:00+05:45,50.7
15750367,2026-03-27 14:45:00+05:45,47.8
15750367,2026-03-27 15:45:00+05:45,40.0
15750367,2026-03-27 16:45:00+05:45,71.6
15750367,2026-03-27 17:45:00+05:45,74.5
15750367,2026-03-27 18:45:00+05:45,49.1
15750367,2026-03-27 19:45:00+05:45,54.7
15750367,2026-03-27 20:45:00+05:45,36.2
15750367,2026-03-27 21:45:00+05:45,31.9
15750367,2026-03-27 22:45:00+05:45,28.2
15750367,2026-03-27 23:45:00+05:45,35.8
15750367,2026-03-28 00:45:00+05:45,35.2
16162468,2026-05-05 17:45:00+05:45,27.4
16162468,2026-05-05 19:45:00+05:45,29.3
16162468,2026-05-05 20:45:00+05:45,29.5
16162468,2026-05-05 21:45:00+05:45,30.1
16162468,2026-05-05 22:45:00+05:45,30.1
16162468,2026-05-05 23:45:00+05:45,31.3
16162468,2026-05-06 00:45:00+05:45,31.9
16162468,2026-05-06 01:45:00+05:45,30.9
16162468,2026-05-06 02:45:00+05:45,28.8
16162468,2026-05-06 03:45:00+05:45,26.6
16162468,2026-05-06 04:45:00+05:45,24.5
16162468,2026-05-06 05:45:00+05:45,18.7
16162468,2026-05-06 06:45:00+05:45,18.0
16162468,2026-05-06 07:45:00+05:45,18.9
16162468,2026-05-09 15:45:00+05:45,26.3
16162468,2026-05-09 16:45:00+05:45,35.1
16162468,2026-05-09 17:45:00+05:45,45.1
16162468,2026-05-09 18:45:00+05:45,52.6
16162468,2026-05-09 19:45:00+05:45,44.7
16162468,2026-05-09 20:45:00+05:45,44.4
16162468,2026-05-09 21:45:00+05:45,38.4
16162468,2026-05-09 22:45:00+05:45,33.1
16162468,2026-05-09 23:45:00+05:45,29.6
16162468,2026-05-10 00:45:00+05:45,25.7
16162468,2026-05-10 01:45:00+05:45,26.2
16162468,2026-05-10 02:45:00+05:45,29.4
16162468,2026-05-10 03:45:00+05:45,34.8
16162468,2026-05-10 04:45:00+05:45,41.8
16162468,2026-05-10 05:45:00+05:45,48.6
16162468,2026-05-10 06:45:00+05:45,61.6
16162468,2026-05-10 07:45:00+05:45,55.4
16162468,2026-05-10 08:45:00+05:45,45.2
16162468,2026-05-10 09:45:00+05:45,46.4
16162468,2026-05-10 10:45:00+05:45,40.0
16162468,2026-05-10 11:45:00+05:45,32.9
16162468,2026-05-10 12:45:00+05:45,49.0
16162468,2026-05-10 13:45:00+05:45,31.4
16162468,2026-05-10 14:45:00+05:45,27.2
16162468,2026-05-10 15:45:00+05:45,24.2
16162468,2026-05-10 16:45:00+05:45,29.8
16162468,2026-05-10 17:45:00+05:45,35.0
16162468,2026-05-10 18:45:00+05:45,44.2
16162468,2026-05-10 19:45:00+05:45,54.4
16162468,2026-05-10 20:45:00+05:45,41.1
16162468,2026-05-10 21:45:00+05:45,33.7
16162468,2026-05-10 22:45:00+05:45,32.4
16162468,2026-05-10 23:45:00+05:45,32.0
16162468,2026-05-11 00:45:00+05:45,31.9
16162468,2026-05-11 01:45:00+05:45,32.6
16162468,2026-05-11 02:45:00+05:45,31.3
16162468,2026-05-11 03:45:00+05:45,33.3
16162468,2026-05-11 04:45:00+05:45,43.6
16162468,2026-05-11 05:45:00+05:45,47.1
16162468,2026-05-11 06:45:00+05:45,47.8
16162468,2026-05-11 07:45:00+05:45,48.2
16162468,2026-05-11 08:45:00+05:45,45.9
16162468,2026-05-11 09:45:00+05:45,41.7
16162468,2026-05-11 10:45:00+05:45,32.1
16162468,2026-05-11 11:45:00+05:45,26.9
16162468,2026-05-11 12:45:00+05:45,28.9
16162468,2026-05-11 13:45:00+05:45,31.2
16162468,2026-05-11 17:45:00+05:45,43.0
16162468,2026-05-11 18:45:00+05:45,58.8
16162468,2026-05-11 19:45:00+05:45,47.2
16162468,2026-05-11 20:45:00+05:45,42.9
16162468,2026-05-11 21:45:00+05:45,44.8
16162468,2026-05-11 22:45:00+05:45,42.1
16162468,2026-05-11 23:45:00+05:45,43.0
16162468,2026-05-12 00:45:00+05:45,46.1
16162468,2026-05-12 01:45:00+05:45,43.0
